post_id,user_id,title,content,date_published,tag_name,category_name,status
1000,100116,sem ut,"eu dolor egestas rhoncus. Proin nisl sem, consequat nec, mollis vitae, posuere at, velit. Cras lorem lorem, luctus ut, pellentesque eget, dictum",2023-05-17 21:20:50,multigrains,Frying,Published
1001,100024,feugiat placerat,"lorem ipsum sodales purus, in molestie tortor nibh sit amet orci. Ut sagittis lobortis mauris. Suspendisse aliquet molestie",2023-10-02 10:54:59,pasta,Poaching,Draft
1002,100149,Quisque nonummy,"libero. Donec consectetuer mauris id sapien. Cras dolor dolor, tempus non, lacinia at, iaculis",2023-06-20 11:43:19,cookies,Braising,Draft
1003,100082,gravida sit,"Donec est mauris, rhoncus id, mollis nec, cursus a, enim. Suspendisse aliquet, sem ut cursus luctus, ipsum leo elementum sem, vitae aliquam",2023-12-13 11:03:31,vegetables,Steaming,Draft
1004,100054,"tristique pellentesque,",Sed dictum. Proin eget odio. Aliquam vulputate ullamcorper magna. Sed eu eros. Nam consequat dolor vitae dolor. Donec fringilla. Donec feugiat,2023-05-26 04:53:40,almonds,Roasting,Published
1005,100038,gravida sagittis.,"tellus eu augue porttitor interdum. Sed auctor odio a purus. Duis elementum, dui quis accumsan convallis, ante lectus convallis est, vitae sodales nisi",2023-06-09 07:22:34,cheese,Salads,Published
1006,100193,vehicula. Pellentesque,quam vel sapien imperdiet ornare. In faucibus. Morbi vehicula. Pellentesque tincidunt tempus risus. Donec egestas.,2024-01-11 07:59:32,fasting,Frying,Published
1007,100193,"Integer vulputate,",dictum. Phasellus in felis. Nulla tempor augue ac ipsum. Phasellus vitae mauris sit amet lorem,2023-06-20 18:51:38,"muffins, pistachios",Braising,Published
1008,100015,sagittis felis.,"massa. Integer vitae nibh. Donec est mauris, rhoncus id, mollis nec, cursus a, enim. Suspendisse aliquet, sem ut",2023-07-22 19:17:01,muffins,Braising,Draft
1009,100108,sagittis placerat.,"semper erat, in consectetuer ipsum nunc id enim. Curabitur massa. Vestibulum accumsan neque et",2023-12-08 21:06:40,"chicken, seafood",Poaching,Published
1010,100006,metus. In,ipsum cursus vestibulum. Mauris magna. Duis dignissim tempor arcu. Vestibulum ut eros non enim commodo hendrerit. Donec porttitor tellus non,2023-12-31 11:15:45,"pasta, salads",Boiling,Published
1011,100103,"lacinia orci,",sit amet ornare lectus justo eu arcu. Morbi sit amet massa. Quisque porttitor eros,2023-09-20 13:38:33,"sandwiches, chocolate",Grilling,Published
1012,100180,"lorem, vehicula","mi fringilla mi lacinia mattis. Integer eu lacus. Quisque imperdiet, erat nonummy ultricies ornare,",2023-11-04 11:27:36,"chocolate, pizza",Baking,Published
1013,100026,enim. Etiam,Nulla semper tellus id nunc interdum feugiat. Sed nec metus facilisis lorem tristique aliquet. Phasellus fermentum convallis ligula.,2023-09-11 09:35:42,"multigrains, cookies",Poaching,Published
1014,100052,Vivamus euismod,"enim, condimentum eget, volutpat ornare, facilisis eget, ipsum. Donec sollicitudin adipiscing ligula. Aenean gravida",2024-03-25 10:18:20,salads,Braising,Draft
1015,100121,et netus,lacus. Aliquam rutrum lorem ac risus. Morbi metus. Vivamus euismod urna.,2024-03-15 19:47:03,"multigrains, pies",Roasting,Draft
1016,100101,dui quis,"Sed malesuada augue ut lacus. Nulla tincidunt, neque vitae semper egestas, urna justo faucibus lectus, a sollicitudin",2023-05-05 02:59:38,"cheese, vegan",Sweets,Published
1017,100177,non nisi.,"nec metus facilisis lorem tristique aliquet. Phasellus fermentum convallis ligula. Donec luctus aliquet odio. Etiam ligula tortor, dictum eu, placerat eget, venenatis a,",2024-02-13 23:20:07,pie,Snacks,Published
1018,100105,nisi nibh,"at lacus. Quisque purus sapien, gravida non, sollicitudin a, malesuada id, erat. Etiam vestibulum massa",2024-04-18 06:36:15,multigrains,Baking,Draft
1019,100023,orci luctus,"at, velit. Cras lorem lorem, luctus ut, pellentesque eget, dictum placerat,",2023-08-08 07:35:32,"cheese cake, walnuts",Frying,Published
1020,100157,ipsum. Phasellus,"imperdiet dictum magna. Ut tincidunt orci quis lectus. Nullam suscipit, est ac facilisis facilisis, magna tellus faucibus leo, in lobortis tellus justo sit amet",2024-01-09 13:39:52,soups,Cooking,Published
1021,100197,morbi tristique,"sem ut cursus luctus, ipsum leo elementum sem, vitae aliquam eros turpis non enim. Mauris quis turpis vitae",2024-01-26 10:12:48,bread,Desserts,Published
1022,100104,habitant morbi,"risus. In mi pede, nonummy ut, molestie in, tempus eu, ligula. Aenean euismod mauris eu",2023-09-02 06:34:48,"healthy, chicken",Poaching,Published
1023,100175,commodo hendrerit.,"ornare sagittis felis. Donec tempor, est ac mattis semper, dui lectus rutrum urna, nec luctus felis purus ac tellus. Suspendisse sed dolor. Fusce",2024-04-05 07:59:37,"chicken, brownie",Salads,Draft
1024,100198,"facilisis, magna","Duis ac arcu. Nunc mauris. Morbi non sapien molestie orci tincidunt adipiscing. Mauris molestie pharetra nibh. Aliquam ornare, libero at auctor ullamcorper, nisl",2023-09-02 23:12:37,"eggs, keto",Salads,Published
1025,100099,libero. Proin,"cursus a, enim. Suspendisse aliquet, sem ut cursus luctus, ipsum leo elementum sem, vitae aliquam eros turpis non enim. Mauris quis turpis",2023-11-19 04:00:33,pizza,Frying,Draft
1026,100187,nisi sem,Duis ac arcu. Nunc mauris. Morbi non sapien molestie orci tincidunt adipiscing. Mauris,2023-10-26 19:45:15,"vegan, chocolate",Baking,Published
1027,100031,lobortis risus.,"Aliquam tincidunt, nunc ac mattis ornare, lectus ante dictum mi, ac mattis velit justo nec ante.",2023-11-19 03:58:04,"multigrains, lamb",Salads,Published
1028,100038,Phasellus vitae,"nulla. Donec non justo. Proin non massa non ante bibendum ullamcorper. Duis cursus, diam at pretium aliquet, metus urna convallis erat,",2023-10-28 12:27:22,"lamb, beef",Grilling,Draft
1029,100008,Quisque tincidunt,"nisl. Maecenas malesuada fringilla est. Mauris eu turpis. Nulla aliquet. Proin velit. Sed malesuada augue ut lacus. Nulla tincidunt, neque",2023-11-14 01:17:00,diet,Poaching,Published
1030,100103,sem. Nulla,"lobortis, nisi nibh lacinia orci, consectetuer euismod est arcu ac orci. Ut semper pretium neque. Morbi quis urna. Nunc quis arcu vel quam",2024-02-18 00:04:53,desserts,Grilling,Published
1031,100029,"porta elit,","sagittis felis. Donec tempor, est ac mattis semper, dui lectus rutrum urna, nec luctus felis purus ac",2024-02-03 14:52:07,"chicken, keto",Roasting,Published
1032,100084,nunc nulla,vel pede blandit congue. In scelerisque scelerisque dui. Suspendisse ac metus vitae velit,2024-04-21 05:27:19,"walnuts, pasta",Poaching,Draft
1033,100106,"fermentum vel,","ligula tortor, dictum eu, placerat eget, venenatis a, magna. Lorem ipsum dolor",2023-06-23 04:30:48,"fasting, cake",Broiling,Draft
1034,100112,"ornare placerat,","tortor at risus. Nunc ac sem ut dolor dapibus gravida. Aliquam tincidunt, nunc ac mattis ornare, lectus ante dictum mi, ac",2024-02-05 10:48:06,"cheese cake, diet",Grilling,Draft
1035,100123,Sed nec,"lorem, luctus ut, pellentesque eget, dictum placerat, augue. Sed molestie. Sed id risus quis diam luctus lobortis. Class aptent taciti sociosqu ad",2024-05-03 01:36:58,almonds,Sweets,Draft
1036,100169,elit. Curabitur,"enim mi tempor lorem, eget mollis lectus pede et risus. Quisque libero lacus, varius et,",2024-03-05 10:30:00,"beef, cocoa",Broiling,Draft
1037,100139,velit eget,"justo nec ante. Maecenas mi felis, adipiscing fringilla, porttitor vulputate, posuere vulputate, lacus. Cras interdum. Nunc sollicitudin commodo",2024-02-06 20:46:03,"pie, keto",Salads,Published
1038,100133,et netus,"metus. Aliquam erat volutpat. Nulla facilisis. Suspendisse commodo tincidunt nibh. Phasellus nulla. Integer vulputate, risus a ultricies adipiscing, enim mi tempor lorem, eget mollis lectus",2023-06-21 04:37:44,"pasta, walnuts",Desserts,Draft
1039,100098,ridiculus mus.,tincidunt tempus risus. Donec egestas. Duis ac arcu. Nunc mauris. Morbi non sapien molestie orci tincidunt adipiscing. Mauris molestie,2023-09-08 22:44:57,"cocoa, pasta",Cooking,Published
1040,100133,"luctus vulputate,","dui, semper et, lacinia vitae, sodales at, velit. Pellentesque ultricies dignissim lacus. Aliquam rutrum lorem ac risus. Morbi metus. Vivamus",2024-01-30 22:30:12,pies,Boiling,Published
1041,100061,bibendum fermentum,"rutrum eu, ultrices sit amet, risus. Donec nibh enim, gravida sit amet, dapibus id, blandit at, nisi. Cum sociis natoque penatibus",2023-12-14 08:24:11,brownie,Boiling,Published
1042,100011,mauris a,"libero mauris, aliquam eu, accumsan sed, facilisis vitae, orci. Phasellus dapibus quam quis diam. Pellentesque habitant morbi tristique senectus et netus et malesuada fames",2023-06-27 08:43:56,"stews, pizza",Frying,Published
1043,100031,Curabitur massa.,"diam luctus lobortis. Class aptent taciti sociosqu ad litora torquent per conubia nostra, per inceptos",2023-08-09 00:44:23,"cake, noodles",Steaming,Draft
1044,100137,non massa,fringilla. Donec feugiat metus sit amet ante. Vivamus non lorem vitae odio sagittis semper. Nam tempor diam dictum,2023-07-27 06:21:21,"fasting, seafood",Salads,Draft
1045,100068,porttitor eros,"non leo. Vivamus nibh dolor, nonummy ac, feugiat non, lobortis quis, pede. Suspendisse dui. Fusce diam nunc, ullamcorper eu, euismod",2023-10-12 18:01:01,"cocoa, beef",Steaming,Published
1046,100091,lectus quis,"nec, imperdiet nec, leo. Morbi neque tellus, imperdiet non, vestibulum nec, euismod in, dolor. Fusce feugiat. Lorem ipsum dolor sit amet, consectetuer adipiscing",2023-11-26 17:02:26,pasta,Frying,Published
1047,100181,bibendum. Donec,"nec tellus. Nunc lectus pede, ultrices a, auctor non, feugiat nec, diam. Duis mi",2024-02-27 06:29:37,pistachios,Salads,Published
1048,100082,Proin non,"porttitor interdum. Sed auctor odio a purus. Duis elementum, dui quis accumsan convallis, ante lectus convallis est, vitae sodales nisi magna sed dui. Fusce aliquam,",2023-05-09 08:43:53,"butter, cashews",Braising,Published
1049,100098,"purus, in",ante ipsum primis in faucibus orci luctus et ultrices posuere cubilia Curae,2023-11-14 20:02:22,lamb,Snacks,Published
1050,100073,feugiat tellus,"non, hendrerit id, ante. Nunc mauris sapien, cursus in, hendrerit consectetuer,",2024-04-02 11:35:05,"pasta, lamb",Poaching,Draft
1051,100189,nunc interdum,dolor vitae dolor. Donec fringilla. Donec feugiat metus sit amet,2023-08-11 01:56:29,"pasta, pistachios",Salads,Published
1052,100104,placerat velit.,"pede ac urna. Ut tincidunt vehicula risus. Nulla eget metus eu erat semper rutrum. Fusce dolor quam, elementum at, egestas a, scelerisque sed,",2024-01-06 01:33:38,"desserts, cake",Desserts,Published
1053,100133,"Sed pharetra,","lacus, varius et, euismod et, commodo at, libero. Morbi accumsan laoreet ipsum.",2023-12-16 07:08:45,"pie, bread",Cooking,Published
1054,100146,turpis. In,"in magna. Phasellus dolor elit, pellentesque a, facilisis non, bibendum sed, est. Nunc laoreet lectus",2023-10-26 10:49:29,"eggs, healthy",Desserts,Draft
1055,100172,Nunc mauris,"iaculis aliquet diam. Sed diam lorem, auctor quis, tristique ac, eleifend vitae, erat. Vivamus nisi. Mauris nulla. Integer",2024-03-28 04:02:44,"soups, muffins",Desserts,Draft
1056,100057,tellus lorem,"magna, malesuada vel, convallis in, cursus et, eros. Proin ultrices. Duis volutpat nunc",2024-01-26 10:56:58,"stews, pie",Frying,Published
1057,100039,Maecenas iaculis,nunc interdum feugiat. Sed nec metus facilisis lorem tristique aliquet. Phasellus fermentum convallis ligula. Donec luctus aliquet odio.,2024-04-08 18:26:07,walnuts,Grilling,Draft
1058,100069,dictum. Phasellus,erat volutpat. Nulla dignissim. Maecenas ornare egestas ligula. Nullam feugiat placerat velit. Quisque varius. Nam porttitor scelerisque,2023-10-01 04:42:54,"muffins, cookies",Cooking,Draft
1059,100039,magna nec,ligula. Nullam feugiat placerat velit. Quisque varius. Nam porttitor scelerisque neque. Nullam nisl. Maecenas malesuada fringilla est. Mauris eu turpis. Nulla aliquet.,2023-06-08 21:02:43,"cookies, pie",Snacks,Published
1060,100099,non massa,"risus. Donec egestas. Aliquam nec enim. Nunc ut erat. Sed nunc est,",2023-09-19 18:16:36,"eggs, cake",Broiling,Published
1061,100189,suscipit nonummy.,"Sed congue, elit sed consequat auctor, nunc nulla vulputate dui, nec tempus mauris erat eget ipsum. Suspendisse sagittis. Nullam vitae diam. Proin dolor. Nulla",2024-02-13 13:32:28,cookies,Broiling,Published
1062,100100,nunc sit,"id, blandit at, nisi. Cum sociis natoque penatibus et magnis dis parturient montes, nascetur ridiculus mus. Proin vel",2023-10-13 16:31:52,sandwiches,Snacks,Published
1063,100122,libero et,"nec metus facilisis lorem tristique aliquet. Phasellus fermentum convallis ligula. Donec luctus aliquet odio. Etiam ligula tortor, dictum eu, placerat eget, venenatis a, magna.",2024-03-07 12:26:29,beef,Frying,Draft
1064,100053,mauris. Morbi,Vestibulum ante ipsum primis in faucibus orci luctus et ultrices posuere cubilia Curae Donec tincidunt. Donec vitae erat vel pede blandit congue.,2024-02-17 06:04:14,"cheese, cocoa",Sweets,Draft
1065,100124,semper tellus,"neque sed dictum eleifend, nunc risus varius orci, in consequat enim diam",2023-12-01 21:01:39,"cake, stews",Grilling,Published
1066,100180,rhoncus. Donec,"sociis natoque penatibus et magnis dis parturient montes, nascetur ridiculus mus. Donec dignissim magna a",2024-03-29 08:32:27,"cashews, vegan",Frying,Published
1067,100146,Morbi vehicula.,"Sed diam lorem, auctor quis, tristique ac, eleifend vitae, erat. Vivamus nisi.",2023-05-18 03:50:10,"desserts, pistachios",Desserts,Draft
1068,100170,euismod urna.,Sed dictum. Proin eget odio. Aliquam vulputate ullamcorper magna. Sed eu eros. Nam consequat dolor vitae dolor.,2023-06-26 12:58:14,desserts,Braising,Published
1069,100041,eget metus.,"urna, nec luctus felis purus ac tellus. Suspendisse sed dolor. Fusce mi lorem, vehicula et, rutrum eu, ultrices sit amet, risus. Donec nibh enim, gravida",2024-04-03 09:41:06,stews,Sweets,Published
1070,100065,orci lobortis,"et, lacinia vitae, sodales at, velit. Pellentesque ultricies dignissim lacus. Aliquam",2023-11-12 17:55:32,"pistachios, bread",Baking,Draft
1071,100014,"egestas a,","eget, dictum placerat, augue. Sed molestie. Sed id risus quis diam luctus lobortis. Class aptent taciti sociosqu ad litora torquent per conubia nostra,",2023-11-25 20:10:39,"chicken, keto",Sweets,Draft
1072,100031,"Sed pharetra,","tellus eu augue porttitor interdum. Sed auctor odio a purus. Duis elementum, dui quis accumsan",2024-03-16 09:42:46,"fasting, soups",Cooking,Draft
1073,100052,nec orci.,"ornare. Fusce mollis. Duis sit amet diam eu dolor egestas rhoncus. Proin nisl sem, consequat nec, mollis vitae, posuere at,",2023-10-22 02:30:06,"almonds, cashews",Grilling,Draft
1074,100143,et nunc.,"facilisis non, bibendum sed, est. Nunc laoreet lectus quis massa. Mauris vestibulum, neque sed",2023-09-08 01:42:30,"cashews, soups",Desserts,Published
1075,100054,aliquet. Phasellus,"neque pellentesque massa lobortis ultrices. Vivamus rhoncus. Donec est. Nunc ullamcorper, velit in aliquet lobortis, nisi",2024-04-22 05:38:00,"multigrains, eggs",Boiling,Draft
1076,100016,"lorem, luctus",et malesuada fames ac turpis egestas. Fusce aliquet magna a,2023-11-28 10:15:49,fasting,Frying,Draft
1077,100127,arcu ac,"iaculis, lacus pede sagittis augue, eu tempor erat neque non quam. Pellentesque",2024-04-25 12:57:20,"keto, cake",Grilling,Draft
1078,100053,egestas. Fusce,"dui. Suspendisse ac metus vitae velit egestas lacinia. Sed congue, elit sed consequat auctor,",2024-03-17 21:06:17,vegetables,Braising,Published
1079,100046,"libero lacus,","lorem. Donec elementum, lorem ut aliquam iaculis, lacus pede sagittis augue, eu tempor erat neque non quam. Pellentesque habitant morbi tristique senectus",2023-08-31 06:05:19,"sandwiches, muffins",Cooking,Published
1080,100047,"mi felis,","laoreet lectus quis massa. Mauris vestibulum, neque sed dictum eleifend, nunc risus varius orci, in",2023-10-01 13:26:56,"pasta, fasting",Salads,Draft
1081,100167,eget magna.,euismod est arcu ac orci. Ut semper pretium neque. Morbi quis urna. Nunc quis arcu vel quam dignissim pharetra. Nam,2023-08-09 12:40:13,"pie, keto",Cooking,Published
1082,100043,"rutrum, justo.","vestibulum nec, euismod in, dolor. Fusce feugiat. Lorem ipsum dolor sit amet, consectetuer adipiscing elit. Aliquam auctor, velit eget laoreet",2023-12-13 00:21:24,vegan,Snacks,Published
1083,100152,"placerat, orci",quis diam. Pellentesque habitant morbi tristique senectus et netus et malesuada fames ac turpis egestas. Fusce aliquet magna a neque. Nullam ut nisi a,2024-04-22 22:20:12,"almonds, cheese",Snacks,Published
1084,100188,pretium neque.,"non, vestibulum nec, euismod in, dolor. Fusce feugiat. Lorem ipsum dolor",2023-08-11 00:10:30,pies,Steaming,Published
1085,100085,Sed et,"tempus risus. Donec egestas. Duis ac arcu. Nunc mauris. Morbi non sapien molestie orci tincidunt adipiscing. Mauris molestie pharetra nibh. Aliquam ornare,",2023-05-11 02:39:41,keto,Desserts,Draft
1086,100009,molestie tellus.,nec orci. Donec nibh. Quisque nonummy ipsum non arcu. Vivamus sit amet risus. Donec egestas. Aliquam nec enim. Nunc,2024-03-25 08:46:53,"cookies, beef",Baking,Published
1087,100169,"libero mauris,","Cras dolor dolor, tempus non, lacinia at, iaculis quis, pede. Praesent eu",2023-10-26 17:44:48,vegetables,Grilling,Draft
1088,100172,"convallis in,",quis diam. Pellentesque habitant morbi tristique senectus et netus et malesuada fames ac turpis egestas. Fusce aliquet magna a neque. Nullam ut nisi a,2024-03-03 10:47:49,vegan,Steaming,Draft
1089,100007,"mattis ornare,","sit amet, dapibus id, blandit at, nisi. Cum sociis natoque penatibus et magnis dis parturient montes, nascetur ridiculus mus. Proin vel nisl.",2023-06-25 22:34:16,"cheese, cashews",Grilling,Published
1090,100043,Proin velit.,"Sed diam lorem, auctor quis, tristique ac, eleifend vitae, erat. Vivamus nisi. Mauris nulla. Integer urna. Vivamus molestie dapibus ligula. Aliquam",2024-01-28 10:43:23,"pasta, walnuts",Boiling,Draft
1091,100137,id enim.,lobortis mauris. Suspendisse aliquet molestie tellus. Aenean egestas hendrerit neque. In ornare sagittis felis.,2023-09-14 13:55:00,"seafood, pasta",Boiling,Published
1092,100178,dolor. Quisque,"lacus. Nulla tincidunt, neque vitae semper egestas, urna justo faucibus lectus, a sollicitudin orci sem eget massa. Suspendisse",2024-01-07 04:24:49,"vegan, bread",Cooking,Published
1093,100187,et nunc.,"a, aliquet vel, vulputate eu, odio. Phasellus at augue id ante dictum cursus. Nunc mauris elit, dictum eu, eleifend nec, malesuada ut, sem.",2023-12-13 10:53:03,"vegetables, cocoa",Frying,Published
1094,100055,Nunc sollicitudin,"elit, a feugiat tellus lorem eu metus. In lorem. Donec elementum, lorem ut aliquam iaculis, lacus pede sagittis augue, eu tempor",2023-07-22 18:36:31,"stews, cake",Frying,Draft
1095,100125,volutpat. Nulla,"nibh. Aliquam ornare, libero at auctor ullamcorper, nisl arcu iaculis enim, sit amet ornare lectus justo",2023-07-12 06:34:09,"cookies, salads",Roasting,Published
1096,100034,nec metus,"nulla. Integer vulputate, risus a ultricies adipiscing, enim mi tempor lorem, eget",2024-01-17 01:16:44,"muffins, pistachios",Grilling,Draft
1097,100176,"at, egestas","Vivamus euismod urna. Nullam lobortis quam a felis ullamcorper viverra. Maecenas iaculis aliquet diam. Sed diam lorem,",2023-12-30 11:58:16,"brownie, butter",Poaching,Published
1098,100107,nisl. Nulla,"risus. In mi pede, nonummy ut, molestie in, tempus eu, ligula. Aenean euismod mauris eu elit. Nulla facilisi. Sed neque. Sed",2023-12-24 02:45:22,"noodles, fasting",Frying,Draft
1099,100194,quis diam.,"ante lectus convallis est, vitae sodales nisi magna sed dui.",2024-02-26 08:55:54,"chocolate, chicken",Desserts,Published
1100,100061,sagittis. Nullam,"montes, nascetur ridiculus mus. Aenean eget magna. Suspendisse tristique neque venenatis lacus. Etiam bibendum fermentum metus. Aenean sed",2023-07-23 14:48:06,"vegetables, walnuts",Boiling,Published
1101,100048,penatibus et,quam vel sapien imperdiet ornare. In faucibus. Morbi vehicula. Pellentesque tincidunt tempus risus. Donec,2023-05-24 02:54:35,walnuts,Sweets,Published
1102,100167,amet massa.,eget metus. In nec orci. Donec nibh. Quisque nonummy ipsum non,2024-01-23 00:50:16,"noodles, vegetables",Broiling,Draft
1103,100005,arcu ac,arcu vel quam dignissim pharetra. Nam ac nulla. In tincidunt congue turpis. In condimentum. Donec at arcu. Vestibulum ante,2023-10-31 02:12:02,soups,Frying,Draft
1104,100118,tristique senectus,augue ac ipsum. Phasellus vitae mauris sit amet lorem semper auctor. Mauris vel turpis. Aliquam,2023-12-02 12:15:20,"salads, cookies",Grilling,Draft
1105,100111,mauris blandit,"ut lacus. Nulla tincidunt, neque vitae semper egestas, urna justo faucibus lectus, a",2024-04-22 14:29:36,"seafood, salads",Desserts,Published
1106,100069,sem. Nulla,Pellentesque tincidunt tempus risus. Donec egestas. Duis ac arcu. Nunc mauris. Morbi non,2023-05-22 21:39:30,"cake, diet",Snacks,Draft
1107,100038,tellus faucibus,"In mi pede, nonummy ut, molestie in, tempus eu, ligula. Aenean euismod mauris eu elit. Nulla facilisi. Sed neque. Sed eget lacus.",2023-10-07 07:59:57,"keto, diet",Broiling,Published
1108,100078,nisi. Cum,nulla. Integer urna. Vivamus molestie dapibus ligula. Aliquam erat volutpat. Nulla dignissim. Maecenas ornare egestas ligula. Nullam feugiat placerat velit.,2023-08-31 09:47:35,vegetables,Baking,Draft
1109,100116,penatibus et,augue ac ipsum. Phasellus vitae mauris sit amet lorem semper auctor. Mauris vel turpis. Aliquam adipiscing lobortis risus. In mi,2023-10-10 06:28:23,diet,Cooking,Published
1110,100177,"Sed pharetra,","est tempor bibendum. Donec felis orci, adipiscing non, luctus sit amet, faucibus ut, nulla. Cras eu tellus eu augue porttitor",2023-06-16 08:20:44,muffins,Boiling,Published
1111,100140,non quam.,mus. Aenean eget magna. Suspendisse tristique neque venenatis lacus. Etiam bibendum fermentum metus. Aenean sed pede,2023-12-08 20:49:40,"cookies, soups",Frying,Draft
1112,100107,ac mattis,"vitae velit egestas lacinia. Sed congue, elit sed consequat auctor, nunc nulla vulputate dui, nec tempus mauris erat eget ipsum. Suspendisse sagittis.",2024-03-12 03:13:41,"butter, keto",Baking,Published
1113,100194,Donec feugiat,"Curae Donec tincidunt. Donec vitae erat vel pede blandit congue. In scelerisque scelerisque dui. Suspendisse ac metus vitae velit egestas lacinia. Sed congue, elit",2023-08-04 14:07:47,soups,Poaching,Draft
1114,100155,bibendum fermentum,"diam dictum sapien. Aenean massa. Integer vitae nibh. Donec est mauris, rhoncus id, mollis nec, cursus a, enim. Suspendisse aliquet, sem ut cursus luctus,",2024-03-03 23:10:38,"pistachios, salads",Frying,Published
1115,100108,Suspendisse sagittis.,"tincidunt, neque vitae semper egestas, urna justo faucibus lectus, a sollicitudin",2023-06-03 21:53:53,muffins,Snacks,Published
1116,100056,gravida molestie,"odio tristique pharetra. Quisque ac libero nec ligula consectetuer rhoncus. Nullam velit dui, semper et, lacinia vitae, sodales at, velit. Pellentesque ultricies dignissim",2023-11-26 22:42:37,seafood,Baking,Draft
1117,100149,cursus. Integer,"parturient montes, nascetur ridiculus mus. Proin vel arcu eu odio tristique pharetra. Quisque ac libero",2023-05-09 13:05:01,bread,Salads,Draft
1118,100052,"ut, pellentesque",amet nulla. Donec non justo. Proin non massa non ante bibendum ullamcorper.,2023-09-14 22:29:15,salads,Braising,Published
1119,100060,Etiam vestibulum,"hendrerit a, arcu. Sed et libero. Proin mi. Aliquam gravida mauris ut mi. Duis",2023-06-02 17:27:28,"pistachios, soups",Sweets,Draft
1120,100189,"in, cursus",Nunc quis arcu vel quam dignissim pharetra. Nam ac nulla. In tincidunt congue turpis.,2024-03-17 23:05:05,"cheese cake, muffins",Sweets,Published
1121,100167,Duis volutpat,"imperdiet nec, leo. Morbi neque tellus, imperdiet non, vestibulum nec, euismod in, dolor. Fusce feugiat. Lorem ipsum dolor",2024-03-18 13:17:26,"pies, pasta",Snacks,Published
1122,100079,"vitae, orci.",non dui nec urna suscipit nonummy. Fusce fermentum fermentum arcu. Vestibulum ante ipsum primis in faucibus orci luctus,2024-03-20 04:04:23,keto,Steaming,Published
1123,100106,aliquet odio.,"sem egestas blandit. Nam nulla magna, malesuada vel, convallis in, cursus et, eros. Proin ultrices.",2024-04-04 22:26:33,"chocolate, butter",Frying,Published
1124,100080,semper auctor.,"placerat, orci lacus vestibulum lorem, sit amet ultricies sem magna nec",2024-04-12 16:04:17,muffins,Sweets,Published
1125,100177,Sed nunc,eget metus. In nec orci. Donec nibh. Quisque nonummy ipsum non arcu. Vivamus sit amet risus. Donec egestas. Aliquam nec,2024-03-21 03:55:37,cake,Cooking,Draft
1126,100136,"mi felis,","cursus. Nunc mauris elit, dictum eu, eleifend nec, malesuada ut, sem.",2024-02-07 17:50:46,"cake, cereals",Steaming,Draft
1127,100133,eros. Nam,"Nam nulla magna, malesuada vel, convallis in, cursus et, eros.",2023-10-07 13:00:07,cake,Poaching,Published
1128,100199,quis arcu,turpis egestas. Aliquam fringilla cursus purus. Nullam scelerisque neque sed sem egestas blandit. Nam,2023-12-13 15:25:32,"vegetables, bread",Roasting,Published
1129,100053,sociosqu ad,"in, hendrerit consectetuer, cursus et, magna. Praesent interdum ligula eu enim.",2024-03-27 08:18:43,"seafood, vegetables",Frying,Draft
1130,100111,lobortis tellus,"facilisis vitae, orci. Phasellus dapibus quam quis diam. Pellentesque habitant morbi tristique senectus et netus et malesuada fames ac turpis egestas. Fusce aliquet magna",2024-02-09 01:03:40,"diet, pie",Boiling,Draft
1131,100027,"non, lacinia",libero. Proin sed turpis nec mauris blandit mattis. Cras eget nisi dictum augue malesuada malesuada. Integer id magna et ipsum cursus,2023-08-12 10:49:34,"sandwiches, healthy",Frying,Published
1132,100175,"egestas, urna","magnis dis parturient montes, nascetur ridiculus mus. Aenean eget magna. Suspendisse tristique",2024-01-31 18:32:23,multigrains,Snacks,Draft
1133,100034,"imperdiet, erat","sapien, cursus in, hendrerit consectetuer, cursus et, magna. Praesent interdum ligula eu enim. Etiam imperdiet dictum magna. Ut tincidunt orci quis lectus.",2023-07-04 02:56:56,pasta,Cooking,Published
1134,100013,"at, velit.","libero et tristique pellentesque, tellus sem mollis dui, in sodales elit erat vitae risus. Duis a mi fringilla mi lacinia mattis. Integer eu lacus.",2023-10-30 14:23:36,cookies,Desserts,Published
1135,100112,faucibus orci,"neque sed sem egestas blandit. Nam nulla magna, malesuada vel, convallis in, cursus et,",2023-12-27 03:49:58,pies,Desserts,Draft
1136,100196,"convallis in,",commodo auctor velit. Aliquam nisl. Nulla eu neque pellentesque massa lobortis ultrices. Vivamus rhoncus. Donec est. Nunc,2023-11-08 01:46:58,butter,Sweets,Published
1137,100008,arcu iaculis,ligula eu enim. Etiam imperdiet dictum magna. Ut tincidunt orci,2023-07-10 21:44:50,diet,Steaming,Published
1138,100011,"elit, pharetra","iaculis quis, pede. Praesent eu dui. Cum sociis natoque penatibus et magnis dis parturient montes, nascetur ridiculus",2023-07-18 10:48:39,cheese,Sweets,Draft
1139,100134,metus. Aenean,"ante dictum mi, ac mattis velit justo nec ante. Maecenas mi felis, adipiscing fringilla, porttitor",2024-02-26 02:59:55,butter,Sweets,Published
1140,100013,mauris erat,nascetur ridiculus mus. Aenean eget magna. Suspendisse tristique neque venenatis lacus. Etiam bibendum fermentum metus. Aenean,2023-08-20 05:39:48,"lamb, desserts",Baking,Published
1141,100096,magna nec,tellus id nunc interdum feugiat. Sed nec metus facilisis lorem tristique aliquet. Phasellus fermentum convallis ligula. Donec luctus aliquet odio.,2024-04-11 16:27:51,beef,Snacks,Published
1142,100046,Integer urna.,"lectus justo eu arcu. Morbi sit amet massa. Quisque porttitor eros nec tellus. Nunc lectus pede,",2023-07-12 15:05:04,stews,Braising,Draft
1143,100067,ornare. Fusce,malesuada malesuada. Integer id magna et ipsum cursus vestibulum. Mauris magna.,2023-10-10 14:31:52,pasta,Sweets,Draft
1144,100194,"sodales at,",vel quam dignissim pharetra. Nam ac nulla. In tincidunt congue turpis. In condimentum. Donec,2023-06-15 23:25:19,"pasta, vegan",Steaming,Draft
1145,100136,scelerisque dui.,"eleifend non, dapibus rutrum, justo. Praesent luctus. Curabitur egestas nunc sed libero. Proin sed turpis nec mauris blandit mattis. Cras eget",2024-03-23 03:33:46,healthy,Sweets,Published
1146,100011,nibh sit,"at, iaculis quis, pede. Praesent eu dui. Cum sociis natoque penatibus et magnis dis parturient montes,",2024-01-12 02:28:03,"chocolate, fasting",Sweets,Published
1147,100147,turpis egestas.,"nulla at sem molestie sodales. Mauris blandit enim consequat purus. Maecenas libero est, congue a, aliquet vel, vulputate",2024-02-10 08:47:59,cheese,Boiling,Draft
1148,100168,"varius ultrices,",adipiscing elit. Curabitur sed tortor. Integer aliquam adipiscing lacus. Ut nec urna et arcu imperdiet ullamcorper. Duis,2023-09-06 17:06:52,brownie,Frying,Published
1149,100092,Cras convallis,"In ornare sagittis felis. Donec tempor, est ac mattis semper, dui lectus rutrum urna, nec luctus felis purus ac tellus. Suspendisse sed",2023-08-24 20:45:56,"multigrains, pasta",Cooking,Published
1150,100177,"faucibus lectus,","arcu. Nunc mauris. Morbi non sapien molestie orci tincidunt adipiscing. Mauris molestie pharetra nibh. Aliquam ornare, libero at auctor ullamcorper, nisl arcu iaculis enim,",2023-08-15 22:24:18,keto,Salads,Published
1151,100131,urna. Vivamus,"dictum ultricies ligula. Nullam enim. Sed nulla ante, iaculis nec,",2023-06-25 08:08:02,"seafood, pies",Poaching,Draft
1152,100127,nibh. Quisque,"lacus pede sagittis augue, eu tempor erat neque non quam. Pellentesque habitant morbi tristique senectus et netus et",2023-05-30 12:44:45,"brownie, butter",Baking,Published
1153,100045,fermentum fermentum,"diam eu dolor egestas rhoncus. Proin nisl sem, consequat nec, mollis vitae, posuere at, velit. Cras lorem lorem, luctus",2023-11-18 21:35:01,desserts,Frying,Draft
1154,100143,arcu. Vestibulum,"eu, ligula. Aenean euismod mauris eu elit. Nulla facilisi. Sed neque. Sed",2023-12-05 11:16:45,"desserts, brownie",Desserts,Draft
1155,100145,ac mattis,"elit sed consequat auctor, nunc nulla vulputate dui, nec tempus mauris erat eget ipsum. Suspendisse sagittis. Nullam vitae diam. Proin dolor. Nulla",2023-12-08 04:34:03,walnuts,Salads,Published
1156,100113,"vel, mauris.","aliquet odio. Etiam ligula tortor, dictum eu, placerat eget, venenatis a, magna. Lorem ipsum dolor sit",2024-04-01 10:58:28,"muffins, cashews",Frying,Draft
1157,100005,id enim.,nonummy ipsum non arcu. Vivamus sit amet risus. Donec egestas. Aliquam nec enim. Nunc ut erat. Sed nunc,2023-08-14 16:59:31,bread,Poaching,Draft
1158,100124,nascetur ridiculus,"natoque penatibus et magnis dis parturient montes, nascetur ridiculus mus. Donec",2024-03-14 22:00:26,cocoa,Desserts,Draft
1159,100192,Integer in,"lacinia at, iaculis quis, pede. Praesent eu dui. Cum sociis natoque penatibus et magnis dis parturient montes, nascetur ridiculus",2023-09-04 18:42:30,cheese,Steaming,Published
1160,100136,Praesent luctus.,"aliquet, metus urna convallis erat, eget tincidunt dui augue eu tellus. Phasellus elit pede, malesuada vel, venenatis vel, faucibus id, libero. Donec consectetuer",2023-10-08 04:25:37,chicken,Cooking,Draft
1161,100158,aliquam eros,"Proin nisl sem, consequat nec, mollis vitae, posuere at, velit. Cras lorem lorem, luctus",2023-10-25 05:21:53,vegan,Cooking,Draft
1162,100158,"dolor dolor,",volutpat nunc sit amet metus. Aliquam erat volutpat. Nulla facilisis. Suspendisse commodo tincidunt nibh. Phasellus,2023-08-04 03:03:09,"cookies, walnuts",Braising,Draft
1163,100091,Fusce aliquet,"eget, dictum placerat, augue. Sed molestie. Sed id risus quis diam luctus lobortis. Class",2024-04-01 05:43:49,"cake, vegetables",Frying,Published
1164,100183,libero. Proin,"amet lorem semper auctor. Mauris vel turpis. Aliquam adipiscing lobortis risus. In mi pede, nonummy ut, molestie in, tempus eu,",2023-08-01 20:14:19,"chicken, walnuts",Baking,Draft
1165,100081,Phasellus dolor,"Nullam velit dui, semper et, lacinia vitae, sodales at, velit. Pellentesque ultricies dignissim lacus. Aliquam rutrum lorem ac risus. Morbi metus. Vivamus euismod urna.",2023-11-24 14:50:03,chicken,Roasting,Published
1166,100133,Donec fringilla.,"dolor. Quisque tincidunt pede ac urna. Ut tincidunt vehicula risus. Nulla eget metus eu erat semper rutrum. Fusce dolor quam, elementum at, egestas a,",2024-03-17 00:06:45,butter,Broiling,Published
1167,100080,"Aliquam auctor,",tellus id nunc interdum feugiat. Sed nec metus facilisis lorem tristique aliquet. Phasellus,2023-09-20 23:45:36,"cheese cake, healthy",Sweets,Draft
1168,100038,"sit amet,","Nunc sollicitudin commodo ipsum. Suspendisse non leo. Vivamus nibh dolor, nonummy ac, feugiat non, lobortis",2023-07-23 08:13:18,healthy,Baking,Published
1169,100057,nec orci.,"interdum ligula eu enim. Etiam imperdiet dictum magna. Ut tincidunt orci quis lectus. Nullam suscipit, est ac facilisis",2024-01-02 12:39:28,"cashews, keto",Braising,Published
1170,100005,luctus et,quis urna. Nunc quis arcu vel quam dignissim pharetra. Nam ac nulla. In tincidunt congue,2024-03-28 10:40:35,noodles,Grilling,Draft
1171,100016,et libero.,Donec tincidunt. Donec vitae erat vel pede blandit congue. In scelerisque scelerisque dui. Suspendisse ac metus vitae velit egestas lacinia. Sed,2024-02-27 23:52:28,"bread, fasting",Boiling,Published
1172,100086,ipsum dolor,arcu. Vestibulum ut eros non enim commodo hendrerit. Donec porttitor tellus non magna.,2023-07-19 09:37:12,cashews,Poaching,Published
1173,100176,penatibus et,"tellus lorem eu metus. In lorem. Donec elementum, lorem ut aliquam iaculis,",2023-06-10 00:01:42,"multigrains, desserts",Frying,Draft
1174,100031,scelerisque scelerisque,"risus. Duis a mi fringilla mi lacinia mattis. Integer eu lacus. Quisque imperdiet, erat nonummy ultricies ornare, elit elit fermentum risus, at fringilla purus",2023-11-09 11:05:37,butter,Frying,Draft
1175,100012,nisi sem,"lobortis mauris. Suspendisse aliquet molestie tellus. Aenean egestas hendrerit neque. In ornare sagittis felis. Donec tempor, est ac mattis semper, dui",2023-10-16 16:51:44,vegetables,Salads,Draft
1176,100116,Phasellus fermentum,"aliquet. Proin velit. Sed malesuada augue ut lacus. Nulla tincidunt, neque vitae semper egestas, urna justo",2023-09-19 10:41:38,keto,Broiling,Draft
1177,100053,in molestie,"elit. Etiam laoreet, libero et tristique pellentesque, tellus sem mollis dui, in sodales elit erat",2024-04-27 03:59:32,muffins,Snacks,Draft
1178,100128,"parturient montes,","ut erat. Sed nunc est, mollis non, cursus non, egestas a, dui. Cras pellentesque. Sed dictum. Proin eget odio. Aliquam vulputate ullamcorper magna. Sed",2023-06-16 22:52:38,"vegan, salads",Sweets,Draft
1179,100157,tempor erat,"velit justo nec ante. Maecenas mi felis, adipiscing fringilla, porttitor vulputate, posuere vulputate,",2023-10-15 21:14:56,sandwiches,Frying,Published
1180,100055,ante blandit,"ultricies ornare, elit elit fermentum risus, at fringilla purus mauris a nunc. In at pede.",2023-08-09 06:59:55,chicken,Steaming,Published
1181,100023,"auctor non,",fermentum fermentum arcu. Vestibulum ante ipsum primis in faucibus orci luctus et ultrices posuere cubilia Curae Phasellus ornare. Fusce mollis. Duis sit amet diam eu,2023-09-18 03:58:49,"seafood, bread",Broiling,Published
1182,100042,adipiscing elit.,"mollis. Duis sit amet diam eu dolor egestas rhoncus. Proin nisl sem, consequat nec, mollis vitae, posuere at, velit. Cras lorem lorem,",2023-09-28 01:18:55,cake,Grilling,Draft
1183,100065,dui nec,"euismod ac, fermentum vel, mauris. Integer sem elit, pharetra ut, pharetra sed, hendrerit a, arcu. Sed et libero.",2023-12-26 18:47:25,"muffins, cashews",Boiling,Published
1184,100009,Aliquam erat,"Ut tincidunt vehicula risus. Nulla eget metus eu erat semper rutrum. Fusce dolor quam, elementum at, egestas a, scelerisque sed, sapien. Nunc pulvinar arcu",2023-07-28 08:13:07,"butter, cereals",Braising,Published
1185,100063,convallis ligula.,"tristique pellentesque, tellus sem mollis dui, in sodales elit erat vitae risus. Duis a",2023-07-01 18:11:12,sandwiches,Cooking,Draft
1186,100126,"ante, iaculis","et magnis dis parturient montes, nascetur ridiculus mus. Donec dignissim magna a",2023-06-12 05:15:22,seafood,Braising,Published
1187,100103,lacus. Nulla,"imperdiet nec, leo. Morbi neque tellus, imperdiet non, vestibulum nec, euismod in, dolor. Fusce feugiat. Lorem ipsum dolor sit amet,",2024-01-01 22:27:56,"desserts, chicken",Desserts,Draft
1188,100022,mauris blandit,"In lorem. Donec elementum, lorem ut aliquam iaculis, lacus pede sagittis augue, eu tempor erat neque non quam. Pellentesque",2023-07-26 16:43:39,chocolate,Braising,Published
1189,100002,ut nisi,"lacus vestibulum lorem, sit amet ultricies sem magna nec quam. Curabitur vel lectus. Cum sociis natoque penatibus et magnis",2024-03-07 22:26:40,bread,Grilling,Published
1190,100161,"libero mauris,","vel turpis. Aliquam adipiscing lobortis risus. In mi pede, nonummy ut, molestie in,",2023-07-10 00:24:00,pasta,Broiling,Published
1191,100105,euismod enim.,"Phasellus libero mauris, aliquam eu, accumsan sed, facilisis vitae, orci. Phasellus dapibus quam quis diam. Pellentesque habitant morbi tristique senectus et netus et malesuada fames",2024-02-03 05:47:27,"pistachios, fasting",Snacks,Draft
1192,100002,pede sagittis,ultrices posuere cubilia Curae Donec tincidunt. Donec vitae erat vel pede blandit congue. In scelerisque scelerisque dui. Suspendisse,2023-11-03 19:04:14,"cookies, eggs",Boiling,Published
1193,100151,sem eget,"lacinia. Sed congue, elit sed consequat auctor, nunc nulla vulputate dui, nec tempus mauris",2023-09-10 17:29:39,"chicken, eggs",Poaching,Draft
1194,100125,diam. Pellentesque,"feugiat. Sed nec metus facilisis lorem tristique aliquet. Phasellus fermentum convallis ligula. Donec luctus aliquet odio. Etiam ligula tortor,",2024-04-19 08:33:46,"cheese, noodles",Baking,Draft
1195,100042,"vitae, posuere","nibh vulputate mauris sagittis placerat. Cras dictum ultricies ligula. Nullam enim. Sed nulla ante, iaculis nec, eleifend non, dapibus rutrum, justo.",2023-11-25 06:03:30,butter,Cooking,Draft
1196,100144,ipsum primis,"blandit viverra. Donec tempus, lorem fringilla ornare placerat, orci lacus",2024-04-17 10:58:38,"noodles, brownie",Frying,Published
1197,100158,augue id,"fringilla ornare placerat, orci lacus vestibulum lorem, sit amet ultricies sem magna nec quam. Curabitur vel lectus. Cum sociis natoque",2023-09-11 05:27:37,"cookies, cereals",Baking,Published
1198,100027,quis massa.,"Pellentesque ut ipsum ac mi eleifend egestas. Sed pharetra, felis eget varius ultrices, mauris ipsum porta elit, a feugiat tellus lorem eu metus.",2023-05-10 18:50:55,pasta,Grilling,Draft
1199,100150,Donec feugiat,"ac, feugiat non, lobortis quis, pede. Suspendisse dui. Fusce diam nunc,",2024-01-13 03:20:42,"cake, seafood",Roasting,Published
1200,100013,"parturient montes,","orci lacus vestibulum lorem, sit amet ultricies sem magna nec quam. Curabitur vel lectus. Cum sociis natoque penatibus et magnis dis parturient",2023-11-03 10:12:23,"pasta, healthy",Steaming,Draft
1201,100189,Phasellus fermentum,"enim. Nunc ut erat. Sed nunc est, mollis non, cursus non, egestas a, dui.",2023-07-19 00:46:48,"cookies, cake",Grilling,Draft
1202,100082,eu turpis.,"malesuada vel, convallis in, cursus et, eros. Proin ultrices. Duis volutpat nunc sit",2023-12-23 09:36:46,"pasta, chocolate",Steaming,Published
1203,100063,"nec, eleifend","nisl. Nulla eu neque pellentesque massa lobortis ultrices. Vivamus rhoncus. Donec est. Nunc ullamcorper, velit in aliquet lobortis, nisi nibh lacinia orci,",2023-08-13 23:33:54,vegan,Braising,Published
1204,100186,augue porttitor,"lorem, luctus ut, pellentesque eget, dictum placerat, augue. Sed molestie. Sed id risus",2023-09-29 00:03:29,beef,Steaming,Draft
1205,100018,Vivamus nibh,"cursus. Nunc mauris elit, dictum eu, eleifend nec, malesuada ut, sem. Nulla interdum. Curabitur dictum. Phasellus in felis. Nulla tempor augue",2023-05-08 13:42:06,almonds,Roasting,Published
1206,100068,at lacus.,non enim. Mauris quis turpis vitae purus gravida sagittis. Duis gravida. Praesent eu nulla at sem molestie sodales. Mauris blandit enim consequat purus. Maecenas,2023-05-13 11:38:34,"eggs, stews",Salads,Draft
1207,100022,"elementum sem,",placerat velit. Quisque varius. Nam porttitor scelerisque neque. Nullam nisl. Maecenas malesuada fringilla est. Mauris eu turpis. Nulla aliquet. Proin velit. Sed malesuada augue ut,2024-04-29 08:46:00,pies,Broiling,Draft
1208,100098,Duis sit,"ornare, elit elit fermentum risus, at fringilla purus mauris a nunc. In at pede. Cras vulputate velit eu sem. Pellentesque ut ipsum ac mi eleifend",2024-03-14 09:07:41,healthy,Frying,Published
1209,100026,risus. Duis,amet lorem semper auctor. Mauris vel turpis. Aliquam adipiscing lobortis risus. In,2024-03-14 02:09:45,cheese cake,Broiling,Draft
1210,100193,"commodo at,","rhoncus. Donec est. Nunc ullamcorper, velit in aliquet lobortis, nisi nibh lacinia orci,",2024-03-27 22:21:11,"cake, noodles",Desserts,Published
1211,100195,pede. Cras,metus. In nec orci. Donec nibh. Quisque nonummy ipsum non arcu. Vivamus sit,2023-09-05 19:54:18,pistachios,Desserts,Draft
1212,100153,Integer tincidunt,orci. Ut semper pretium neque. Morbi quis urna. Nunc quis arcu vel quam,2023-10-24 09:26:10,keto,Frying,Draft
1213,100024,netus et,"nulla at sem molestie sodales. Mauris blandit enim consequat purus. Maecenas libero est, congue a, aliquet",2024-01-20 05:16:32,"cocoa, vegetables",Broiling,Draft
1214,100044,nascetur ridiculus,"aptent taciti sociosqu ad litora torquent per conubia nostra, per inceptos hymenaeos. Mauris ut quam vel sapien imperdiet ornare. In faucibus. Morbi vehicula.",2023-09-06 01:58:24,butter,Snacks,Draft
1215,100171,fringilla mi,"consequat purus. Maecenas libero est, congue a, aliquet vel, vulputate eu, odio. Phasellus at augue",2024-04-17 09:35:25,keto,Grilling,Published
1216,100023,Pellentesque ultricies,nec tempus mauris erat eget ipsum. Suspendisse sagittis. Nullam vitae diam. Proin dolor. Nulla semper tellus id nunc,2023-07-01 16:01:39,soups,Cooking,Published
1217,100077,"diam nunc,",Curabitur dictum. Phasellus in felis. Nulla tempor augue ac ipsum. Phasellus vitae mauris sit amet lorem semper auctor.,2023-06-27 15:15:36,"chicken, healthy",Grilling,Published
1218,100047,"aliquet vel,","ipsum dolor sit amet, consectetuer adipiscing elit. Etiam laoreet, libero et tristique pellentesque, tellus sem mollis dui, in",2023-08-26 08:00:49,pies,Braising,Published
1219,100070,egestas ligula.,"lorem, sit amet ultricies sem magna nec quam. Curabitur vel lectus. Cum sociis",2023-08-30 17:14:39,"brownie, vegan",Poaching,Published
1220,100134,rhoncus. Donec,"et, eros. Proin ultrices. Duis volutpat nunc sit amet metus. Aliquam erat volutpat. Nulla",2024-03-08 14:24:12,"pizza, diet",Roasting,Draft
1221,100133,lacus. Quisque,"eleifend nec, malesuada ut, sem. Nulla interdum. Curabitur dictum. Phasellus in felis. Nulla tempor augue ac ipsum. Phasellus vitae mauris sit amet lorem semper",2024-01-30 16:57:44,cocoa,Cooking,Published
1222,100040,tempus mauris,"laoreet, libero et tristique pellentesque, tellus sem mollis dui, in sodales elit erat",2023-12-13 15:20:56,butter,Boiling,Draft
1223,100007,et libero.,"vulputate mauris sagittis placerat. Cras dictum ultricies ligula. Nullam enim. Sed nulla ante, iaculis nec, eleifend non, dapibus rutrum, justo. Praesent luctus. Curabitur",2023-09-13 12:13:18,"pies, soups",Boiling,Published
1224,100075,eu turpis.,"Duis ac arcu. Nunc mauris. Morbi non sapien molestie orci tincidunt adipiscing. Mauris molestie pharetra nibh. Aliquam ornare, libero",2023-07-02 23:31:58,stews,Salads,Draft
1225,100015,odio. Nam,sapien imperdiet ornare. In faucibus. Morbi vehicula. Pellentesque tincidunt tempus risus. Donec egestas. Duis ac arcu. Nunc mauris. Morbi non sapien molestie orci,2023-08-07 15:04:13,vegan,Frying,Published
1226,100018,"amet, consectetuer",malesuada fames ac turpis egestas. Fusce aliquet magna a neque. Nullam,2023-12-15 14:48:18,vegetables,Roasting,Draft
1227,100032,Aenean sed,amet metus. Aliquam erat volutpat. Nulla facilisis. Suspendisse commodo tincidunt nibh. Phasellus nulla. Integer,2023-05-20 03:50:14,keto,Poaching,Draft
1228,100166,"iaculis enim,","scelerisque neque sed sem egestas blandit. Nam nulla magna, malesuada vel, convallis in, cursus et, eros. Proin",2024-01-24 16:25:12,"cheese, pies",Baking,Published
1229,100102,faucibus orci,quam quis diam. Pellentesque habitant morbi tristique senectus et netus et malesuada fames ac,2023-10-06 22:53:33,vegan,Cooking,Draft
1230,100118,metus. Aliquam,"Nunc mauris elit, dictum eu, eleifend nec, malesuada ut, sem. Nulla interdum. Curabitur dictum. Phasellus in felis. Nulla tempor augue",2024-01-10 12:18:06,butter,Boiling,Published
1231,100178,Aliquam fringilla,"arcu. Morbi sit amet massa. Quisque porttitor eros nec tellus. Nunc lectus pede, ultrices",2023-12-07 01:35:50,"walnuts, stews",Snacks,Published
1232,100120,enim. Mauris,Praesent luctus. Curabitur egestas nunc sed libero. Proin sed turpis nec mauris,2023-05-29 06:28:49,beef,Cooking,Published
1233,100144,"nunc est,","Phasellus nulla. Integer vulputate, risus a ultricies adipiscing, enim mi",2023-08-21 21:20:37,"healthy, walnuts",Poaching,Draft
1234,100050,orci. Ut,In tincidunt congue turpis. In condimentum. Donec at arcu. Vestibulum ante ipsum primis,2023-08-16 08:35:21,noodles,Sweets,Draft
1235,100092,neque pellentesque,"euismod et, commodo at, libero. Morbi accumsan laoreet ipsum. Curabitur consequat, lectus sit amet luctus vulputate, nisi sem semper erat, in consectetuer ipsum nunc id",2023-06-25 08:32:17,seafood,Salads,Published
1236,100093,"tempor lorem,","Nam nulla magna, malesuada vel, convallis in, cursus et, eros. Proin ultrices. Duis volutpat nunc sit amet metus. Aliquam",2023-11-25 16:22:24,"bread, diet",Frying,Draft
1237,100004,adipiscing. Mauris,"sociis natoque penatibus et magnis dis parturient montes, nascetur ridiculus mus. Proin vel arcu eu odio tristique pharetra. Quisque ac",2023-06-09 09:26:36,salads,Poaching,Draft
1238,100159,enim mi,at arcu. Vestibulum ante ipsum primis in faucibus orci luctus et ultrices posuere cubilia Curae Donec tincidunt. Donec vitae erat vel pede,2024-02-17 06:24:36,cheese cake,Broiling,Draft
1239,100162,pellentesque massa,"neque sed sem egestas blandit. Nam nulla magna, malesuada vel, convallis in, cursus et, eros. Proin ultrices. Duis volutpat nunc sit",2023-09-25 04:07:27,"chicken, keto",Roasting,Published
1240,100165,ullamcorper. Duis,"lorem, luctus ut, pellentesque eget, dictum placerat, augue. Sed molestie. Sed id risus quis diam luctus lobortis. Class aptent taciti",2023-07-09 09:24:58,"cheese, pies",Broiling,Published
1241,100095,fermentum metus.,augue malesuada malesuada. Integer id magna et ipsum cursus vestibulum. Mauris magna. Duis,2024-01-06 07:57:45,pies,Desserts,Published
1242,100051,"nonummy ut,","Fusce feugiat. Lorem ipsum dolor sit amet, consectetuer adipiscing elit. Aliquam auctor,",2023-08-21 16:31:02,almonds,Roasting,Draft
1243,100172,Mauris ut,"euismod urna. Nullam lobortis quam a felis ullamcorper viverra. Maecenas iaculis aliquet diam. Sed diam lorem, auctor quis,",2024-01-18 17:42:38,noodles,Salads,Draft
1244,100196,quis lectus.,"odio tristique pharetra. Quisque ac libero nec ligula consectetuer rhoncus. Nullam velit dui, semper et,",2023-11-06 20:19:26,"vegan, soups",Snacks,Draft
1245,100013,vestibulum massa,"Quisque tincidunt pede ac urna. Ut tincidunt vehicula risus. Nulla eget metus eu erat semper rutrum. Fusce dolor quam, elementum at,",2024-01-21 02:45:53,"pasta, almonds",Steaming,Draft
1246,100167,arcu et,"non lorem vitae odio sagittis semper. Nam tempor diam dictum sapien. Aenean massa. Integer vitae nibh. Donec est mauris,",2023-10-16 16:45:43,"multigrains, soups",Grilling,Draft
1247,100085,"ultricies ornare,","laoreet lectus quis massa. Mauris vestibulum, neque sed dictum eleifend, nunc",2023-06-24 13:29:52,"cocoa, healthy",Desserts,Published
1248,100007,"velit dui,","luctus ut, pellentesque eget, dictum placerat, augue. Sed molestie. Sed id risus quis diam",2023-09-01 17:29:19,"vegetables, bread",Roasting,Published
1249,100004,Nam interdum,"augue scelerisque mollis. Phasellus libero mauris, aliquam eu, accumsan sed, facilisis vitae, orci. Phasellus dapibus quam quis diam. Pellentesque",2023-05-14 02:03:28,muffins,Roasting,Published
1250,100032,"eleifend nec,","dolor sit amet, consectetuer adipiscing elit. Aliquam auctor, velit eget laoreet posuere, enim nisl elementum purus,",2023-12-30 16:23:39,chicken,Boiling,Published
1251,100010,ipsum primis,"consequat nec, mollis vitae, posuere at, velit. Cras lorem lorem, luctus ut, pellentesque eget,",2024-04-15 21:14:44,"pie, beef",Steaming,Published
1252,100069,Ut tincidunt,"sed pede nec ante blandit viverra. Donec tempus, lorem fringilla ornare placerat,",2023-06-17 01:55:42,"pie, diet",Salads,Published
1253,100125,habitant morbi,Nullam feugiat placerat velit. Quisque varius. Nam porttitor scelerisque neque. Nullam nisl. Maecenas malesuada fringilla est. Mauris eu turpis. Nulla,2024-02-03 04:20:59,"pasta, chocolate",Braising,Published
1254,100092,commodo auctor,"blandit viverra. Donec tempus, lorem fringilla ornare placerat, orci lacus vestibulum lorem,",2023-05-09 15:45:42,"almonds, pasta",Salads,Draft
1255,100023,"faucibus id,","non enim commodo hendrerit. Donec porttitor tellus non magna. Nam ligula elit, pretium",2023-12-22 08:52:17,"muffins, pie",Cooking,Published
1256,100186,"imperdiet non,",Pellentesque habitant morbi tristique senectus et netus et malesuada fames ac turpis egestas. Fusce aliquet magna a neque. Nullam ut nisi a odio semper,2024-05-03 08:54:36,"pies, seafood",Roasting,Published
1257,100078,lobortis. Class,at fringilla purus mauris a nunc. In at pede. Cras vulputate velit eu sem. Pellentesque ut ipsum ac,2023-10-08 13:33:52,"keto, pistachios",Boiling,Published
1258,100032,"lorem, luctus","quis, tristique ac, eleifend vitae, erat. Vivamus nisi. Mauris nulla. Integer urna. Vivamus molestie dapibus ligula. Aliquam erat volutpat. Nulla dignissim. Maecenas ornare",2023-10-08 05:37:15,"fasting, lamb",Steaming,Draft
1259,100054,lectus. Nullam,"orci lobortis augue scelerisque mollis. Phasellus libero mauris, aliquam eu,",2023-06-20 04:48:27,"soups, chocolate",Broiling,Published
1260,100155,eget odio.,"Nulla tincidunt, neque vitae semper egestas, urna justo faucibus lectus, a sollicitudin orci sem eget massa. Suspendisse eleifend. Cras sed leo. Cras",2023-06-28 11:11:19,diet,Steaming,Draft
1261,100143,sed leo.,dignissim lacus. Aliquam rutrum lorem ac risus. Morbi metus. Vivamus euismod urna. Nullam lobortis,2024-01-16 07:46:41,"vegan, cocoa",Braising,Draft
1262,100174,habitant morbi,"neque. In ornare sagittis felis. Donec tempor, est ac mattis semper, dui lectus rutrum urna, nec luctus",2023-12-12 03:11:55,"cereals, lamb",Roasting,Draft
1263,100143,"luctus, ipsum","elit, pretium et, rutrum non, hendrerit id, ante. Nunc mauris sapien, cursus in,",2024-04-12 10:16:31,cake,Grilling,Published
1264,100122,"cursus in,","ut, nulla. Cras eu tellus eu augue porttitor interdum. Sed auctor odio a purus. Duis elementum, dui quis",2023-05-10 23:48:20,pasta,Roasting,Draft
1265,100056,Maecenas iaculis,"Nam ligula elit, pretium et, rutrum non, hendrerit id, ante. Nunc mauris sapien, cursus in, hendrerit consectetuer, cursus et, magna. Praesent interdum",2023-05-22 21:06:15,pasta,Desserts,Draft
1266,100021,Nullam feugiat,"penatibus et magnis dis parturient montes, nascetur ridiculus mus. Proin vel arcu eu odio tristique pharetra. Quisque ac libero nec ligula consectetuer rhoncus. Nullam",2024-04-22 20:36:20,"fasting, salads",Braising,Published
1267,100062,Nullam nisl.,"Etiam imperdiet dictum magna. Ut tincidunt orci quis lectus. Nullam suscipit, est ac",2024-01-27 14:23:12,pizza,Cooking,Published
1268,100111,diam. Pellentesque,"mauris elit, dictum eu, eleifend nec, malesuada ut, sem. Nulla interdum.",2023-07-11 11:58:26,salads,Baking,Published
1269,100051,In faucibus.,"purus. Maecenas libero est, congue a, aliquet vel, vulputate eu, odio. Phasellus at augue id ante",2023-10-11 12:00:29,cake,Grilling,Draft
1270,100186,Sed eget,"nisl. Nulla eu neque pellentesque massa lobortis ultrices. Vivamus rhoncus. Donec est. Nunc ullamcorper, velit in",2023-06-26 20:03:11,"pistachios, diet",Poaching,Published
1271,100088,a neque.,"In scelerisque scelerisque dui. Suspendisse ac metus vitae velit egestas lacinia. Sed congue, elit sed consequat auctor, nunc nulla vulputate dui,",2023-08-24 02:59:30,stews,Sweets,Published
1272,100141,nec ante.,"lectus. Nullam suscipit, est ac facilisis facilisis, magna tellus faucibus leo, in lobortis tellus justo sit amet nulla. Donec non justo.",2024-02-27 20:25:08,pasta,Poaching,Draft
1273,100180,auctor odio,"in magna. Phasellus dolor elit, pellentesque a, facilisis non, bibendum",2023-09-24 19:39:49,"pie, muffins",Steaming,Draft
1274,100181,nec ante,"lectus. Cum sociis natoque penatibus et magnis dis parturient montes, nascetur ridiculus mus. Donec dignissim magna a tortor. Nunc commodo auctor velit.",2024-02-22 00:22:53,keto,Broiling,Draft
1275,100111,elit sed,"mauris. Integer sem elit, pharetra ut, pharetra sed, hendrerit a, arcu. Sed et libero. Proin mi. Aliquam gravida mauris",2023-12-25 18:09:29,"brownie, muffins",Steaming,Draft
1276,100193,eget tincidunt,"ligula elit, pretium et, rutrum non, hendrerit id, ante. Nunc mauris sapien, cursus in, hendrerit consectetuer, cursus et, magna. Praesent interdum ligula eu",2023-05-24 03:56:15,"sandwiches, lamb",Steaming,Published
1277,100045,quam. Curabitur,"faucibus leo, in lobortis tellus justo sit amet nulla. Donec non justo. Proin non massa non ante bibendum ullamcorper. Duis cursus, diam",2023-05-29 12:36:12,"healthy, pizza",Roasting,Draft
1278,100012,"lectus pede,",malesuada fringilla est. Mauris eu turpis. Nulla aliquet. Proin velit. Sed malesuada augue ut lacus.,2023-11-23 17:47:09,"sandwiches, eggs",Boiling,Draft
1279,100149,Curae Donec,velit. Pellentesque ultricies dignissim lacus. Aliquam rutrum lorem ac risus. Morbi metus. Vivamus euismod urna. Nullam lobortis quam a,2023-07-20 10:01:34,"pasta, eggs",Baking,Published
1280,100194,"elementum, lorem",ac ipsum. Phasellus vitae mauris sit amet lorem semper auctor. Mauris,2024-02-18 15:27:58,cocoa,Roasting,Published
1281,100138,magna. Suspendisse,"Quisque imperdiet, erat nonummy ultricies ornare, elit elit fermentum risus, at fringilla purus mauris a nunc. In",2023-10-12 08:08:46,vegan,Frying,Draft
1282,100101,"eget, venenatis","elementum, lorem ut aliquam iaculis, lacus pede sagittis augue, eu tempor erat neque non quam. Pellentesque habitant morbi tristique senectus et netus",2023-11-15 04:14:33,fasting,Roasting,Published
1283,100055,sed pede.,eu arcu. Morbi sit amet massa. Quisque porttitor eros nec,2023-08-11 02:09:55,vegetables,Baking,Draft
1284,100005,et ipsum,"purus mauris a nunc. In at pede. Cras vulputate velit eu sem. Pellentesque ut ipsum ac mi eleifend egestas. Sed pharetra, felis",2023-09-16 12:56:05,sandwiches,Baking,Draft
1285,100002,dignissim lacus.,urna. Ut tincidunt vehicula risus. Nulla eget metus eu erat semper,2023-11-11 11:24:15,"pizza, chocolate",Braising,Draft
1286,100081,sed turpis,"odio, auctor vitae, aliquet nec, imperdiet nec, leo. Morbi neque tellus, imperdiet non, vestibulum nec,",2023-07-01 11:55:49,"cereals, fasting",Salads,Published
1287,100068,"elementum purus,",Donec tincidunt. Donec vitae erat vel pede blandit congue. In scelerisque scelerisque dui. Suspendisse ac metus vitae velit,2024-02-09 06:07:14,"pizza, pasta",Boiling,Draft
1288,100118,semper. Nam,"ultrices posuere cubilia Curae Phasellus ornare. Fusce mollis. Duis sit amet diam eu dolor egestas rhoncus. Proin nisl sem, consequat nec, mollis vitae,",2024-02-12 00:23:18,"walnuts, almonds",Roasting,Published
1289,100044,risus. Duis,sed turpis nec mauris blandit mattis. Cras eget nisi dictum augue malesuada malesuada. Integer id magna et ipsum cursus vestibulum. Mauris magna. Duis dignissim,2024-02-12 16:29:15,"lamb, vegan",Snacks,Draft
1290,100120,gravida sit,Duis dignissim tempor arcu. Vestibulum ut eros non enim commodo hendrerit. Donec porttitor tellus non magna. Nam ligula,2023-09-18 03:56:33,pasta,Sweets,Published
1291,100192,"imperdiet non,","pretium aliquet, metus urna convallis erat, eget tincidunt dui augue eu tellus. Phasellus elit pede, malesuada vel, venenatis",2024-03-13 20:37:24,stews,Cooking,Draft
1292,100075,et magnis,primis in faucibus orci luctus et ultrices posuere cubilia Curae Donec tincidunt. Donec vitae erat vel pede blandit congue. In scelerisque scelerisque dui.,2024-03-02 17:18:58,"cheese, multigrains",Frying,Draft
1293,100096,nunc id,"ut, pharetra sed, hendrerit a, arcu. Sed et libero. Proin mi. Aliquam gravida mauris ut mi. Duis risus odio,",2023-06-07 18:53:11,"lamb, cashews",Baking,Draft
1294,100188,sapien. Nunc,sollicitudin orci sem eget massa. Suspendisse eleifend. Cras sed leo. Cras vehicula aliquet libero.,2024-04-12 04:47:53,chicken,Salads,Published
1295,100111,posuere cubilia,"a, dui. Cras pellentesque. Sed dictum. Proin eget odio. Aliquam vulputate ullamcorper magna. Sed eu eros. Nam consequat dolor vitae",2024-03-09 17:47:49,pasta,Cooking,Draft
1296,100089,Quisque purus,odio semper cursus. Integer mollis. Integer tincidunt aliquam arcu. Aliquam ultrices,2023-05-26 17:01:15,"brownie, pasta",Snacks,Draft
1297,100014,gravida. Aliquam,mauris eu elit. Nulla facilisi. Sed neque. Sed eget lacus. Mauris non dui nec urna,2023-06-02 04:33:12,"cereals, butter",Desserts,Published
1298,100074,molestie arcu.,augue ac ipsum. Phasellus vitae mauris sit amet lorem semper auctor. Mauris vel turpis. Aliquam adipiscing lobortis risus.,2024-04-29 01:56:07,cocoa,Roasting,Published
1299,100156,tincidunt vehicula,"penatibus et magnis dis parturient montes, nascetur ridiculus mus. Donec dignissim magna a tortor. Nunc commodo",2023-11-28 15:29:24,"pistachios, lamb",Desserts,Draft
1300,100188,"eleifend, nunc","gravida nunc sed pede. Cum sociis natoque penatibus et magnis dis parturient montes, nascetur ridiculus mus. Proin vel arcu eu odio",2024-01-26 15:50:21,vegan,Salads,Draft
1301,100025,lorem vitae,"Quisque imperdiet, erat nonummy ultricies ornare, elit elit fermentum risus, at fringilla purus mauris a nunc. In at pede.",2024-01-27 10:24:17,stews,Frying,Draft
1302,100147,"eget, venenatis","neque sed dictum eleifend, nunc risus varius orci, in consequat enim diam",2023-12-29 07:14:22,butter,Salads,Draft
1303,100091,rutrum magna.,"velit egestas lacinia. Sed congue, elit sed consequat auctor, nunc nulla vulputate dui, nec tempus mauris erat eget ipsum. Suspendisse sagittis. Nullam",2023-06-20 11:42:45,pie,Boiling,Draft
1304,100193,erat semper,volutpat. Nulla facilisis. Suspendisse commodo tincidunt nibh. Phasellus nulla. Integer,2023-10-17 02:42:30,"pistachios, cashews",Braising,Published
1305,100100,"feugiat nec,","cursus et, eros. Proin ultrices. Duis volutpat nunc sit amet metus. Aliquam erat volutpat. Nulla facilisis.",2024-01-03 06:53:37,butter,Boiling,Draft
1306,100035,arcu vel,"Nunc ut erat. Sed nunc est, mollis non, cursus non, egestas a, dui. Cras pellentesque. Sed dictum.",2023-05-28 00:49:15,pasta,Cooking,Draft
1307,100110,sapien. Aenean,"Curae Phasellus ornare. Fusce mollis. Duis sit amet diam eu dolor egestas rhoncus. Proin nisl sem, consequat nec, mollis",2024-03-12 10:37:00,"stews, soups",Poaching,Draft
1308,100053,odio tristique,"fringilla ornare placerat, orci lacus vestibulum lorem, sit amet ultricies sem magna nec quam. Curabitur vel lectus. Cum sociis natoque penatibus et magnis dis parturient",2024-04-13 06:24:13,multigrains,Grilling,Published
1309,100039,"venenatis vel,","sit amet ante. Vivamus non lorem vitae odio sagittis semper. Nam tempor diam dictum sapien. Aenean massa. Integer vitae nibh. Donec est mauris,",2024-02-11 03:29:03,"pie, cake",Cooking,Published
1310,100097,Suspendisse eleifend.,"euismod ac, fermentum vel, mauris. Integer sem elit, pharetra ut, pharetra sed, hendrerit a, arcu. Sed et libero. Proin mi. Aliquam gravida mauris",2023-08-22 04:45:36,pie,Snacks,Published
1311,100196,Aliquam adipiscing,morbi tristique senectus et netus et malesuada fames ac turpis egestas. Aliquam fringilla cursus purus. Nullam scelerisque neque,2024-05-02 17:41:16,cookies,Cooking,Draft
1312,100155,dapibus quam,ut quam vel sapien imperdiet ornare. In faucibus. Morbi vehicula.,2023-09-22 19:24:11,muffins,Poaching,Published
1313,100015,non quam.,"Quisque purus sapien, gravida non, sollicitudin a, malesuada id, erat. Etiam vestibulum massa rutrum magna. Cras convallis convallis",2023-10-16 07:50:05,"brownie, pie",Cooking,Draft
1314,100027,enim. Suspendisse,"pellentesque massa lobortis ultrices. Vivamus rhoncus. Donec est. Nunc ullamcorper, velit in aliquet lobortis, nisi nibh lacinia orci, consectetuer euismod est",2023-06-03 23:13:35,"cocoa, pistachios",Roasting,Draft
1315,100135,Aliquam nec,"et, rutrum eu, ultrices sit amet, risus. Donec nibh enim, gravida sit amet, dapibus id, blandit at, nisi. Cum sociis natoque penatibus et",2024-04-22 11:17:42,"desserts, cocoa",Steaming,Draft
1316,100081,"purus, in","pede. Nunc sed orci lobortis augue scelerisque mollis. Phasellus libero mauris, aliquam eu, accumsan sed, facilisis vitae, orci.",2023-07-19 08:39:57,soups,Boiling,Published
1317,100175,felis purus,"eget, ipsum. Donec sollicitudin adipiscing ligula. Aenean gravida nunc sed pede. Cum sociis natoque penatibus et magnis",2024-04-06 05:46:46,soups,Baking,Draft
1318,100149,"lorem, vehicula","viverra. Maecenas iaculis aliquet diam. Sed diam lorem, auctor quis, tristique ac, eleifend vitae,",2024-01-02 00:51:56,"eggs, chicken",Snacks,Draft
1319,100070,Mauris eu,"ante bibendum ullamcorper. Duis cursus, diam at pretium aliquet, metus urna convallis erat, eget tincidunt dui augue eu tellus. Phasellus elit",2023-09-01 03:13:40,"muffins, fasting",Frying,Draft
1320,100180,"lorem, luctus",tristique senectus et netus et malesuada fames ac turpis egestas. Aliquam fringilla cursus,2024-04-10 15:45:59,"chicken, pistachios",Steaming,Draft
1321,100162,massa. Quisque,magna a neque. Nullam ut nisi a odio semper cursus. Integer mollis. Integer tincidunt aliquam arcu.,2023-11-02 22:06:19,soups,Broiling,Draft
1322,100143,ac facilisis,neque et nunc. Quisque ornare tortor at risus. Nunc ac,2024-03-17 06:35:39,almonds,Snacks,Published
1323,100091,Suspendisse commodo,"Donec tincidunt. Donec vitae erat vel pede blandit congue. In scelerisque scelerisque dui. Suspendisse ac metus vitae velit egestas lacinia. Sed congue, elit sed consequat",2024-04-02 09:53:18,seafood,Poaching,Published
1324,100074,Fusce diam,"consequat auctor, nunc nulla vulputate dui, nec tempus mauris erat eget ipsum. Suspendisse sagittis. Nullam",2024-02-25 09:57:47,salads,Baking,Published
1325,100144,mollis. Duis,"ac tellus. Suspendisse sed dolor. Fusce mi lorem, vehicula et, rutrum eu, ultrices sit amet, risus. Donec nibh enim, gravida sit amet, dapibus id,",2023-09-05 16:46:57,butter,Desserts,Draft
1326,100184,Duis at,"nibh. Phasellus nulla. Integer vulputate, risus a ultricies adipiscing, enim mi tempor lorem, eget mollis",2023-08-30 12:57:36,keto,Cooking,Published
1327,100120,velit. Cras,a nunc. In at pede. Cras vulputate velit eu sem. Pellentesque ut ipsum ac,2023-12-22 12:52:41,"multigrains, pie",Desserts,Draft
1328,100019,"Suspendisse aliquet,","nec ligula consectetuer rhoncus. Nullam velit dui, semper et, lacinia vitae, sodales at, velit. Pellentesque ultricies dignissim lacus.",2023-09-03 06:11:59,brownie,Salads,Draft
1329,100071,"mi felis,","Curabitur vel lectus. Cum sociis natoque penatibus et magnis dis parturient montes,",2023-05-31 23:09:22,"brownie, cereals",Frying,Published
1330,100137,amet risus.,mattis. Cras eget nisi dictum augue malesuada malesuada. Integer id magna et ipsum cursus,2023-09-05 18:02:08,butter,Sweets,Published
1331,100045,sit amet,"est, congue a, aliquet vel, vulputate eu, odio. Phasellus at augue id ante dictum cursus. Nunc mauris elit, dictum eu, eleifend nec,",2023-05-18 13:45:42,eggs,Boiling,Published
1332,100006,pede. Suspendisse,"amet diam eu dolor egestas rhoncus. Proin nisl sem, consequat nec,",2023-10-14 14:36:26,cereals,Roasting,Published
1333,100004,rutrum. Fusce,"velit egestas lacinia. Sed congue, elit sed consequat auctor, nunc nulla vulputate dui, nec tempus mauris erat eget ipsum. Suspendisse",2023-06-30 00:06:26,beef,Grilling,Published
1334,100091,Sed dictum.,"lacinia orci, consectetuer euismod est arcu ac orci. Ut semper pretium neque. Morbi quis urna. Nunc quis arcu vel quam",2023-10-08 19:31:52,"healthy, eggs",Desserts,Draft
1335,100028,enim consequat,"cursus in, hendrerit consectetuer, cursus et, magna. Praesent interdum ligula eu enim. Etiam imperdiet dictum",2023-09-16 20:49:47,pasta,Poaching,Published
1336,100176,magna. Duis,"congue, elit sed consequat auctor, nunc nulla vulputate dui, nec tempus mauris erat eget ipsum. Suspendisse sagittis. Nullam vitae diam. Proin",2023-12-29 11:45:16,"healthy, pie",Sweets,Published
1337,100051,non justo.,"iaculis nec, eleifend non, dapibus rutrum, justo. Praesent luctus. Curabitur egestas nunc sed libero.",2023-08-18 09:10:22,healthy,Desserts,Published
1338,100184,fringilla. Donec,id enim. Curabitur massa. Vestibulum accumsan neque et nunc. Quisque ornare tortor at risus. Nunc ac,2023-08-27 20:27:15,"pies, chicken",Grilling,Published
1339,100034,ipsum dolor,"enim consequat purus. Maecenas libero est, congue a, aliquet vel, vulputate eu, odio. Phasellus at augue id",2024-04-14 12:46:54,"pizza, almonds",Grilling,Published
1340,100144,Curae Phasellus,"lorem vitae odio sagittis semper. Nam tempor diam dictum sapien. Aenean massa. Integer vitae nibh. Donec est mauris, rhoncus id, mollis",2023-11-10 13:05:17,healthy,Cooking,Draft
1341,100138,nunc ac,"sem mollis dui, in sodales elit erat vitae risus. Duis a mi fringilla mi lacinia mattis. Integer eu lacus. Quisque imperdiet, erat nonummy",2023-11-01 20:53:41,cereals,Grilling,Draft
1342,100011,mi tempor,"arcu. Vestibulum ut eros non enim commodo hendrerit. Donec porttitor tellus non magna. Nam ligula elit, pretium et, rutrum non, hendrerit",2024-02-18 10:57:55,"beef, chicken",Desserts,Published
1343,100048,laoreet ipsum.,"dolor. Quisque tincidunt pede ac urna. Ut tincidunt vehicula risus. Nulla eget metus eu erat semper rutrum. Fusce dolor quam, elementum",2023-06-17 06:54:28,"cereals, muffins",Cooking,Draft
1344,100095,"mi lorem,","lacinia orci, consectetuer euismod est arcu ac orci. Ut semper pretium neque. Morbi quis urna. Nunc quis arcu",2024-02-18 12:31:31,"cocoa, butter",Broiling,Draft
1345,100166,in lobortis,"augue scelerisque mollis. Phasellus libero mauris, aliquam eu, accumsan sed, facilisis",2023-05-23 06:00:02,"sandwiches, salads",Poaching,Published
1346,100017,Maecenas iaculis,"rutrum eu, ultrices sit amet, risus. Donec nibh enim, gravida sit amet, dapibus id,",2024-03-15 12:10:24,noodles,Snacks,Draft
1347,100128,in faucibus,"ullamcorper viverra. Maecenas iaculis aliquet diam. Sed diam lorem, auctor quis, tristique ac, eleifend vitae, erat. Vivamus",2023-06-14 02:42:02,"desserts, pasta",Braising,Draft
1348,100132,commodo auctor,"vestibulum, neque sed dictum eleifend, nunc risus varius orci, in consequat enim diam vel arcu. Curabitur ut odio vel est tempor bibendum. Donec felis",2023-09-18 09:01:47,soups,Steaming,Published
1349,100099,"orci, adipiscing",tempor augue ac ipsum. Phasellus vitae mauris sit amet lorem semper auctor. Mauris vel turpis. Aliquam adipiscing lobortis risus. In mi,2024-01-27 04:46:47,fasting,Baking,Published
1350,100024,"augue, eu","sit amet risus. Donec egestas. Aliquam nec enim. Nunc ut erat. Sed nunc est,",2023-06-03 17:55:47,pistachios,Snacks,Published
1351,100104,aliquet. Phasellus,"mi eleifend egestas. Sed pharetra, felis eget varius ultrices, mauris ipsum porta elit, a feugiat tellus lorem eu metus. In lorem. Donec",2024-03-05 08:34:22,"cheese cake, lamb",Poaching,Published
1352,100168,arcu iaculis,"ipsum dolor sit amet, consectetuer adipiscing elit. Curabitur sed tortor. Integer aliquam adipiscing lacus. Ut",2024-04-28 20:06:41,pasta,Broiling,Draft
1353,100008,arcu. Vestibulum,a sollicitudin orci sem eget massa. Suspendisse eleifend. Cras sed leo. Cras,2024-01-10 20:17:14,multigrains,Steaming,Draft
1354,100165,Suspendisse eleifend.,"sapien, gravida non, sollicitudin a, malesuada id, erat. Etiam vestibulum massa rutrum magna. Cras convallis",2023-10-02 23:07:37,"fasting, chocolate",Braising,Draft
1355,100096,diam eu,"blandit. Nam nulla magna, malesuada vel, convallis in, cursus et, eros. Proin ultrices. Duis volutpat nunc sit amet metus.",2023-07-02 10:56:02,brownie,Roasting,Published
1356,100152,magna nec,"nascetur ridiculus mus. Aenean eget magna. Suspendisse tristique neque venenatis lacus. Etiam bibendum fermentum metus. Aenean sed pede nec ante blandit viverra. Donec tempus,",2023-05-22 11:59:44,chocolate,Broiling,Draft
1357,100189,et arcu,Ut semper pretium neque. Morbi quis urna. Nunc quis arcu vel quam dignissim pharetra.,2023-07-13 11:19:26,"noodles, pies",Snacks,Published
1358,100026,ac orci.,"Fusce mi lorem, vehicula et, rutrum eu, ultrices sit amet, risus. Donec nibh enim, gravida sit",2024-03-15 02:06:37,"stews, vegan",Grilling,Published
1359,100139,odio. Etiam,eget nisi dictum augue malesuada malesuada. Integer id magna et ipsum,2024-03-24 07:04:14,multigrains,Poaching,Draft
1360,100077,tellus faucibus,"Cras interdum. Nunc sollicitudin commodo ipsum. Suspendisse non leo. Vivamus nibh dolor, nonummy ac, feugiat non, lobortis quis,",2023-12-26 15:30:23,butter,Grilling,Draft
1361,100131,"dictum eu,",Curabitur sed tortor. Integer aliquam adipiscing lacus. Ut nec urna,2023-07-16 08:21:01,"sandwiches, salads",Sweets,Draft
1362,100046,tempus risus.,"egestas a, scelerisque sed, sapien. Nunc pulvinar arcu et pede. Nunc",2024-04-08 05:03:02,walnuts,Salads,Published
1363,100010,gravida nunc,"cursus. Nunc mauris elit, dictum eu, eleifend nec, malesuada ut, sem. Nulla interdum. Curabitur dictum. Phasellus",2023-06-25 10:56:24,sandwiches,Broiling,Published
1364,100024,vehicula risus.,"id, libero. Donec consectetuer mauris id sapien. Cras dolor dolor,",2024-01-16 19:11:15,walnuts,Snacks,Draft
1365,100069,gravida nunc,"orci lacus vestibulum lorem, sit amet ultricies sem magna nec quam. Curabitur vel lectus. Cum sociis natoque penatibus et magnis dis parturient montes, nascetur ridiculus",2024-01-16 22:21:13,"stews, cookies",Cooking,Published
1366,100028,amet ultricies,"Donec elementum, lorem ut aliquam iaculis, lacus pede sagittis augue, eu tempor erat neque non quam. Pellentesque",2024-01-09 18:17:13,"desserts, butter",Frying,Published
1367,100132,dis parturient,"at sem molestie sodales. Mauris blandit enim consequat purus. Maecenas libero est, congue a, aliquet vel, vulputate",2024-01-26 01:30:59,cake,Poaching,Published
1368,100014,sem mollis,"dolor. Quisque tincidunt pede ac urna. Ut tincidunt vehicula risus. Nulla eget metus eu erat semper rutrum. Fusce dolor quam, elementum",2024-02-07 21:26:24,"chicken, butter",Sweets,Published
1369,100035,dui. Cum,"pede sagittis augue, eu tempor erat neque non quam. Pellentesque habitant morbi",2023-06-18 17:26:20,keto,Steaming,Published
1370,100179,eget tincidunt,"pharetra nibh. Aliquam ornare, libero at auctor ullamcorper, nisl arcu iaculis enim, sit amet ornare lectus",2023-06-22 02:46:06,"lamb, cookies",Cooking,Published
1371,100138,Nunc ut,"mauris sapien, cursus in, hendrerit consectetuer, cursus et, magna. Praesent interdum ligula eu",2024-05-01 15:05:27,"sandwiches, bread",Sweets,Published
1372,100080,Duis sit,"non, dapibus rutrum, justo. Praesent luctus. Curabitur egestas nunc sed libero. Proin sed turpis nec",2023-08-22 16:58:26,pasta,Snacks,Published
1373,100197,orci lacus,"et netus et malesuada fames ac turpis egestas. Aliquam fringilla cursus purus. Nullam scelerisque neque sed sem egestas blandit. Nam nulla magna,",2023-10-27 11:13:13,cheese cake,Boiling,Draft
1374,100038,pede. Praesent,"consectetuer adipiscing elit. Aliquam auctor, velit eget laoreet posuere, enim",2023-11-29 04:47:42,cheese cake,Snacks,Draft
1375,100109,Suspendisse commodo,"consequat purus. Maecenas libero est, congue a, aliquet vel, vulputate eu, odio. Phasellus at augue id ante dictum cursus. Nunc mauris",2024-02-24 01:00:13,"desserts, cheese",Steaming,Draft
1376,100110,Nunc quis,fermentum arcu. Vestibulum ante ipsum primis in faucibus orci luctus et,2023-08-30 17:52:05,"fasting, sandwiches",Desserts,Published
1377,100070,dapibus ligula.,quis urna. Nunc quis arcu vel quam dignissim pharetra. Nam ac nulla. In tincidunt congue turpis. In condimentum. Donec,2023-07-19 20:49:07,"pasta, beef",Desserts,Published
1378,100074,"nibh enim,","vitae odio sagittis semper. Nam tempor diam dictum sapien. Aenean massa. Integer vitae nibh. Donec est mauris, rhoncus id,",2024-02-19 06:31:04,"vegetables, butter",Braising,Draft
1379,100132,"Suspendisse aliquet,",nisl. Quisque fringilla euismod enim. Etiam gravida molestie arcu. Sed eu nibh vulputate mauris sagittis placerat. Cras dictum ultricies ligula. Nullam enim. Sed,2024-04-29 03:16:17,multigrains,Steaming,Draft
1380,100057,sagittis semper.,vulputate ullamcorper magna. Sed eu eros. Nam consequat dolor vitae dolor. Donec fringilla. Donec,2023-12-11 10:27:39,stews,Roasting,Published
1381,100171,nunc interdum,"lorem ut aliquam iaculis, lacus pede sagittis augue, eu tempor erat neque non quam. Pellentesque habitant morbi tristique senectus et netus et malesuada fames",2023-06-27 13:23:06,"pie, cookies",Frying,Published
1382,100046,Suspendisse ac,"ut, nulla. Cras eu tellus eu augue porttitor interdum. Sed auctor odio",2024-03-07 08:16:33,seafood,Steaming,Draft
1383,100108,"eleifend vitae,",Integer id magna et ipsum cursus vestibulum. Mauris magna. Duis dignissim tempor arcu. Vestibulum ut eros,2024-01-21 21:29:26,butter,Cooking,Published
1384,100196,risus. In,lacus. Etiam bibendum fermentum metus. Aenean sed pede nec ante blandit viverra.,2024-04-27 09:41:36,stews,Broiling,Draft
1385,100129,"leo, in","eget mollis lectus pede et risus. Quisque libero lacus, varius et, euismod et, commodo at, libero. Morbi accumsan laoreet ipsum. Curabitur",2023-11-05 06:21:14,"soups, bread",Baking,Draft
1386,100093,sem semper,"nec tellus. Nunc lectus pede, ultrices a, auctor non, feugiat nec, diam. Duis mi enim, condimentum eget, volutpat ornare,",2024-02-22 14:12:36,bread,Baking,Published
1387,100117,sapien. Cras,"libero mauris, aliquam eu, accumsan sed, facilisis vitae, orci. Phasellus dapibus quam quis diam. Pellentesque habitant morbi tristique senectus et netus et malesuada fames",2024-01-03 23:44:16,"eggs, bread",Frying,Draft
1388,100038,Aliquam gravida,"Mauris vestibulum, neque sed dictum eleifend, nunc risus varius orci, in consequat enim diam vel arcu. Curabitur ut odio vel est",2023-07-19 17:22:27,noodles,Steaming,Published
1389,100196,id enim.,"non, luctus sit amet, faucibus ut, nulla. Cras eu tellus eu augue porttitor interdum. Sed auctor odio a purus. Duis elementum, dui",2024-01-27 01:59:10,pie,Baking,Draft
1390,100032,dolor dapibus,Praesent luctus. Curabitur egestas nunc sed libero. Proin sed turpis nec mauris blandit mattis. Cras eget nisi dictum augue malesuada malesuada. Integer id,2023-10-21 12:09:02,eggs,Roasting,Draft
1391,100188,a odio,Morbi quis urna. Nunc quis arcu vel quam dignissim pharetra. Nam ac nulla. In tincidunt,2023-10-02 18:56:39,"healthy, cocoa",Desserts,Published
1392,100180,fames ac,"Class aptent taciti sociosqu ad litora torquent per conubia nostra, per inceptos hymenaeos. Mauris ut quam vel sapien imperdiet ornare. In faucibus. Morbi vehicula.",2023-08-21 08:55:19,pistachios,Salads,Draft
1393,100059,nisi sem,Curae Donec tincidunt. Donec vitae erat vel pede blandit congue. In scelerisque scelerisque dui. Suspendisse ac metus vitae velit,2023-10-14 01:37:00,"chocolate, cookies",Broiling,Published
1394,100072,"a, malesuada",placerat velit. Quisque varius. Nam porttitor scelerisque neque. Nullam nisl. Maecenas malesuada fringilla est. Mauris eu turpis. Nulla aliquet. Proin velit. Sed malesuada augue ut,2023-09-11 21:36:08,"cocoa, stews",Poaching,Published
1395,100025,nec urna,"ac ipsum. Phasellus vitae mauris sit amet lorem semper auctor. Mauris vel turpis. Aliquam adipiscing lobortis risus. In mi pede, nonummy ut, molestie in,",2023-08-15 09:54:54,chocolate,Snacks,Draft
1396,100086,tellus faucibus,tortor. Nunc commodo auctor velit. Aliquam nisl. Nulla eu neque pellentesque massa lobortis ultrices. Vivamus rhoncus.,2024-03-28 04:21:15,"keto, pizza",Poaching,Published
1397,100051,est ac,"Phasellus at augue id ante dictum cursus. Nunc mauris elit, dictum eu, eleifend nec, malesuada ut, sem. Nulla",2023-12-31 07:30:53,"cheese, vegetables",Broiling,Published
1398,100111,in magna.,"fringilla cursus purus. Nullam scelerisque neque sed sem egestas blandit. Nam nulla magna, malesuada vel, convallis in, cursus",2023-08-01 10:36:36,desserts,Frying,Published
1399,100126,dis parturient,"sociis natoque penatibus et magnis dis parturient montes, nascetur ridiculus mus. Donec",2024-03-10 04:52:21,multigrains,Baking,Draft
