post_id,category_id,title,content,date_published,status
1360,2,senectus et,"tellus faucibus leo, in lobortis tellus justo sit amet nulla. Donec non justo. Proin",3/9/2024 17:11,Draft
1133,7,Integer vitae,"neque. Nullam nisl. Maecenas malesuada fringilla est. Mauris eu turpis. Nulla aliquet. Proin velit. Sed malesuada augue ut lacus. Nulla tincidunt, neque",10/14/2023 18:47,Draft
1028,12,Nullam feugiat,"luctus vulputate, nisi sem semper erat, in consectetuer ipsum nunc id enim. Curabitur massa. Vestibulum accumsan",11/21/2023 14:24,Published
1289,6,interdum ligula,"sit amet, faucibus ut, nulla. Cras eu tellus eu augue porttitor interdum. Sed auctor odio a purus. Duis elementum, dui quis accumsan",11/24/2023 7:49,Published
1223,9,laoreet lectus,"at, nisi. Cum sociis natoque penatibus et magnis dis parturient montes, nascetur ridiculus mus. Proin vel nisl. Quisque",1/5/2024 15:44,Draft
1257,2,Nunc commodo,"vulputate, posuere vulputate, lacus. Cras interdum. Nunc sollicitudin commodo ipsum. Suspendisse non leo. Vivamus nibh dolor, nonummy ac, feugiat non, lobortis quis, pede.",2/10/2024 22:17,Published
1198,10,purus. Maecenas,eu tempor erat neque non quam. Pellentesque habitant morbi tristique senectus,6/14/2023 1:38,Draft
1360,5,"pharetra, felis","egestas rhoncus. Proin nisl sem, consequat nec, mollis vitae, posuere at, velit. Cras lorem lorem, luctus ut, pellentesque eget, dictum placerat, augue. Sed molestie.",7/27/2023 21:11,Draft
1081,7,arcu vel,"pede sagittis augue, eu tempor erat neque non quam. Pellentesque habitant morbi tristique senectus et netus et",10/22/2023 23:31,Published
1317,12,sollicitudin commodo,"non, dapibus rutrum, justo. Praesent luctus. Curabitur egestas nunc sed libero. Proin sed turpis nec mauris blandit mattis. Cras eget nisi dictum augue",5/17/2023 6:29,Draft
1192,15,neque non,molestie dapibus ligula. Aliquam erat volutpat. Nulla dignissim. Maecenas ornare egestas ligula.,2/19/2024 19:48,Draft
1065,8,orci lobortis,"sed, sapien. Nunc pulvinar arcu et pede. Nunc sed orci lobortis augue scelerisque mollis. Phasellus libero mauris, aliquam",8/12/2023 2:13,Published
1393,7,"diam lorem,",amet ornare lectus justo eu arcu. Morbi sit amet massa. Quisque porttitor eros nec tellus.,6/3/2023 9:09,Draft
1246,6,enim. Sed,"pretium et, rutrum non, hendrerit id, ante. Nunc mauris sapien, cursus in, hendrerit",11/17/2023 9:30,Published
1343,10,"id, blandit",felis. Nulla tempor augue ac ipsum. Phasellus vitae mauris sit amet lorem semper auctor. Mauris vel turpis. Aliquam adipiscing lobortis risus. In mi,4/29/2024 6:00,Published
1024,9,"nec, leo.",molestie arcu. Sed eu nibh vulputate mauris sagittis placerat. Cras dictum ultricies ligula.,3/6/2024 16:10,Draft
1311,14,"lobortis quis,","ligula. Donec luctus aliquet odio. Etiam ligula tortor, dictum eu, placerat eget, venenatis a, magna. Lorem",10/9/2023 22:34,Draft
1189,4,nisi nibh,"et, rutrum eu, ultrices sit amet, risus. Donec nibh enim, gravida sit amet, dapibus id,",7/28/2023 14:17,Published
1200,6,lacus. Etiam,"mi pede, nonummy ut, molestie in, tempus eu, ligula. Aenean euismod mauris eu elit. Nulla facilisi. Sed neque. Sed",4/30/2024 15:49,Draft
1071,8,vitae semper,"neque sed dictum eleifend, nunc risus varius orci, in consequat enim diam vel arcu. Curabitur ut odio vel est tempor bibendum. Donec felis",4/30/2024 18:29,Published
1381,13,"posuere at,","fringilla cursus purus. Nullam scelerisque neque sed sem egestas blandit. Nam nulla magna, malesuada vel, convallis in, cursus",9/21/2023 21:12,Draft
1225,2,"ultricies adipiscing,","Fusce aliquam, enim nec tempus scelerisque, lorem ipsum sodales purus, in molestie",5/6/2023 4:25,Draft
1075,11,est arcu,"sed pede nec ante blandit viverra. Donec tempus, lorem fringilla ornare",11/25/2023 2:24,Draft
1100,1,eu nulla,"dui, in sodales elit erat vitae risus. Duis a mi fringilla mi",10/30/2023 20:52,Draft
1299,9,Fusce feugiat.,in faucibus orci luctus et ultrices posuere cubilia Curae Donec tincidunt. Donec vitae erat vel pede blandit congue. In,10/25/2023 3:30,Draft
1194,7,arcu. Morbi,felis. Nulla tempor augue ac ipsum. Phasellus vitae mauris sit,5/17/2023 17:13,Draft
1141,13,Suspendisse sagittis.,"mi felis, adipiscing fringilla, porttitor vulputate, posuere vulputate, lacus. Cras interdum. Nunc sollicitudin commodo ipsum. Suspendisse non leo. Vivamus nibh",6/24/2023 16:00,Draft
1056,5,nibh lacinia,"sociis natoque penatibus et magnis dis parturient montes, nascetur ridiculus mus. Proin vel nisl. Quisque fringilla euismod enim. Etiam gravida",6/16/2023 13:40,Draft
1277,4,sed dictum,"arcu. Curabitur ut odio vel est tempor bibendum. Donec felis orci, adipiscing non, luctus sit amet, faucibus ut, nulla. Cras eu tellus",12/3/2023 5:10,Published
1099,5,"ornare, lectus",metus sit amet ante. Vivamus non lorem vitae odio sagittis semper. Nam tempor diam dictum sapien. Aenean massa. Integer,7/30/2023 15:49,Published
1300,8,dictum augue,"enim consequat purus. Maecenas libero est, congue a, aliquet vel, vulputate eu, odio. Phasellus at augue id ante dictum",10/17/2023 11:33,Draft
1041,12,magna. Phasellus,"sem magna nec quam. Curabitur vel lectus. Cum sociis natoque penatibus et magnis dis parturient montes, nascetur",7/11/2023 12:11,Draft
1140,12,eget varius,mauris a nunc. In at pede. Cras vulputate velit eu sem.,8/5/2023 22:58,Published
1249,12,"non, lacinia","arcu. Sed eu nibh vulputate mauris sagittis placerat. Cras dictum ultricies ligula. Nullam enim. Sed nulla ante, iaculis nec, eleifend non,",2/3/2024 18:06,Published
1111,12,nec urna,Phasellus ornare. Fusce mollis. Duis sit amet diam eu dolor,6/26/2023 5:40,Published
1087,2,dui. Suspendisse,"tristique ac, eleifend vitae, erat. Vivamus nisi. Mauris nulla. Integer urna. Vivamus molestie dapibus ligula. Aliquam erat volutpat. Nulla dignissim. Maecenas ornare egestas",4/27/2024 14:02,Draft
1301,15,"eget, ipsum.",Maecenas malesuada fringilla est. Mauris eu turpis. Nulla aliquet. Proin velit. Sed malesuada augue ut,1/13/2024 19:18,Published
1255,6,massa lobortis,"facilisis eget, ipsum. Donec sollicitudin adipiscing ligula. Aenean gravida nunc",11/3/2023 13:02,Published
1162,6,lectus rutrum,Nulla interdum. Curabitur dictum. Phasellus in felis. Nulla tempor augue ac ipsum. Phasellus vitae mauris sit amet lorem semper auctor. Mauris vel turpis. Aliquam,8/27/2023 1:33,Published
1043,2,"non, bibendum",Duis ac arcu. Nunc mauris. Morbi non sapien molestie orci tincidunt adipiscing. Mauris molestie,9/17/2023 10:10,Published
1042,3,"a, arcu.","mi tempor lorem, eget mollis lectus pede et risus. Quisque libero lacus, varius et, euismod et, commodo at, libero. Morbi accumsan",7/16/2023 16:18,Published
1122,5,Quisque fringilla,scelerisque neque. Nullam nisl. Maecenas malesuada fringilla est. Mauris eu turpis. Nulla aliquet. Proin velit. Sed malesuada augue ut,9/26/2023 13:10,Published
1004,5,semper. Nam,enim. Mauris quis turpis vitae purus gravida sagittis. Duis gravida. Praesent eu nulla at sem molestie,9/3/2023 5:58,Published
1028,4,eget ipsum.,"sed pede. Cum sociis natoque penatibus et magnis dis parturient montes, nascetur ridiculus mus. Proin vel arcu",7/15/2023 4:41,Draft
1399,12,et risus.,"quam a felis ullamcorper viverra. Maecenas iaculis aliquet diam. Sed diam lorem, auctor quis, tristique ac, eleifend vitae, erat.",7/12/2023 13:06,Draft
1169,14,ipsum dolor,"porttitor interdum. Sed auctor odio a purus. Duis elementum, dui quis accumsan",8/18/2023 22:17,Published
1342,6,euismod urna.,"libero. Morbi accumsan laoreet ipsum. Curabitur consequat, lectus sit amet luctus vulputate, nisi sem semper erat, in consectetuer ipsum nunc id enim. Curabitur",1/13/2024 6:41,Published
1099,6,"est, vitae","porttitor interdum. Sed auctor odio a purus. Duis elementum, dui quis accumsan convallis, ante lectus convallis est, vitae sodales nisi magna sed dui. Fusce",10/23/2023 9:11,Draft
1096,3,neque. Nullam,Mauris ut quam vel sapien imperdiet ornare. In faucibus. Morbi,10/15/2023 20:07,Draft
1240,3,Duis at,"elit. Etiam laoreet, libero et tristique pellentesque, tellus sem mollis dui, in sodales elit erat vitae risus. Duis a mi fringilla mi lacinia",9/24/2023 13:31,Published
1067,11,nisi sem,"Nunc ac sem ut dolor dapibus gravida. Aliquam tincidunt, nunc ac mattis ornare, lectus ante dictum mi, ac mattis velit justo nec ante. Maecenas mi",4/29/2024 21:41,Published
1083,12,mauris id,Nunc mauris. Morbi non sapien molestie orci tincidunt adipiscing. Mauris molestie pharetra nibh. Aliquam,9/9/2023 3:03,Published
1111,2,"vulputate eu,","sit amet ante. Vivamus non lorem vitae odio sagittis semper. Nam tempor diam dictum sapien. Aenean massa. Integer vitae nibh. Donec est mauris,",7/30/2023 15:25,Draft
1075,4,"ullamcorper, velit","lorem, eget mollis lectus pede et risus. Quisque libero lacus, varius et,",1/9/2024 7:32,Draft
1331,9,"rutrum eu,","Suspendisse sed dolor. Fusce mi lorem, vehicula et, rutrum eu, ultrices sit amet, risus. Donec nibh enim, gravida sit amet, dapibus id, blandit",9/1/2023 21:17,Draft
1267,5,consectetuer adipiscing,"rhoncus. Donec est. Nunc ullamcorper, velit in aliquet lobortis, nisi nibh lacinia orci, consectetuer euismod est arcu ac orci.",7/9/2023 15:11,Draft
1004,13,Nulla dignissim.,"luctus sit amet, faucibus ut, nulla. Cras eu tellus eu augue porttitor interdum. Sed auctor odio",9/29/2023 8:43,Published
1209,13,sed dolor.,"fermentum metus. Aenean sed pede nec ante blandit viverra. Donec tempus,",9/15/2023 20:18,Draft
1345,14,tellus. Nunc,"fringilla purus mauris a nunc. In at pede. Cras vulputate velit eu sem. Pellentesque ut ipsum ac mi eleifend egestas. Sed pharetra, felis eget varius",7/25/2023 6:43,Published
1329,15,Aenean eget,"Nunc sollicitudin commodo ipsum. Suspendisse non leo. Vivamus nibh dolor, nonummy ac, feugiat non, lobortis quis, pede. Suspendisse",10/14/2023 1:57,Draft
1052,6,Fusce feugiat.,"elit, a feugiat tellus lorem eu metus. In lorem. Donec elementum,",6/22/2023 10:26,Draft
1246,15,Vivamus sit,"imperdiet non, vestibulum nec, euismod in, dolor. Fusce feugiat. Lorem ipsum dolor sit amet, consectetuer adipiscing elit.",4/30/2024 12:16,Published
1318,5,in sodales,"sem, consequat nec, mollis vitae, posuere at, velit. Cras lorem lorem, luctus ut, pellentesque eget,",12/29/2023 11:33,Draft
1285,6,vel turpis.,facilisi. Sed neque. Sed eget lacus. Mauris non dui nec urna,1/23/2024 12:38,Draft
1277,9,nisl. Maecenas,"Integer eu lacus. Quisque imperdiet, erat nonummy ultricies ornare, elit elit fermentum risus, at fringilla purus mauris a nunc. In at pede. Cras vulputate velit",4/7/2024 17:30,Draft
1398,4,"laoreet, libero","vestibulum lorem, sit amet ultricies sem magna nec quam. Curabitur vel lectus. Cum sociis natoque penatibus et magnis dis",10/5/2023 22:34,Draft
1399,11,"lorem, auctor","nec enim. Nunc ut erat. Sed nunc est, mollis non, cursus non, egestas a, dui. Cras",3/24/2024 2:48,Published
1083,4,ad litora,"elit, a feugiat tellus lorem eu metus. In lorem. Donec elementum, lorem ut",12/24/2023 21:28,Draft
1369,12,posuere cubilia,"montes, nascetur ridiculus mus. Aenean eget magna. Suspendisse tristique neque venenatis lacus. Etiam bibendum fermentum metus. Aenean sed pede",10/26/2023 13:35,Draft
1288,12,nisl arcu,"Cum sociis natoque penatibus et magnis dis parturient montes, nascetur",1/15/2024 2:47,Published
1081,15,"aliquet lobortis,","amet, consectetuer adipiscing elit. Curabitur sed tortor. Integer aliquam adipiscing lacus. Ut nec urna et arcu imperdiet ullamcorper. Duis at lacus. Quisque",9/14/2023 14:37,Published
1153,9,"eget, venenatis",ipsum nunc id enim. Curabitur massa. Vestibulum accumsan neque et nunc. Quisque ornare tortor at risus. Nunc ac sem ut,10/9/2023 2:43,Draft
1050,6,interdum libero,"laoreet, libero et tristique pellentesque, tellus sem mollis dui, in sodales elit erat vitae risus. Duis a mi fringilla",2/6/2024 13:22,Draft
1012,12,libero nec,"quis lectus. Nullam suscipit, est ac facilisis facilisis, magna tellus faucibus leo, in lobortis tellus justo",8/28/2023 21:43,Published
1139,2,fringilla cursus,"adipiscing. Mauris molestie pharetra nibh. Aliquam ornare, libero at auctor ullamcorper, nisl arcu iaculis enim, sit amet ornare lectus justo eu arcu. Morbi sit amet",5/7/2023 12:30,Published
1184,15,vehicula. Pellentesque,"non, bibendum sed, est. Nunc laoreet lectus quis massa. Mauris",9/5/2023 19:35,Draft
1178,5,diam eu,"congue, elit sed consequat auctor, nunc nulla vulputate dui, nec tempus mauris erat eget ipsum. Suspendisse sagittis. Nullam vitae diam. Proin dolor.",10/31/2023 22:49,Published
1137,7,lobortis ultrices.,malesuada fames ac turpis egestas. Fusce aliquet magna a neque. Nullam ut,4/30/2024 6:20,Published
1038,11,magna a,"metus urna convallis erat, eget tincidunt dui augue eu tellus. Phasellus elit pede, malesuada vel, venenatis vel, faucibus id, libero. Donec",4/17/2024 10:48,Draft
1387,2,"egestas a,","Aliquam nisl. Nulla eu neque pellentesque massa lobortis ultrices. Vivamus rhoncus. Donec est. Nunc ullamcorper,",1/14/2024 18:34,Draft
1019,1,vestibulum massa,"velit. Aliquam nisl. Nulla eu neque pellentesque massa lobortis ultrices. Vivamus rhoncus. Donec est. Nunc ullamcorper, velit in aliquet lobortis, nisi nibh",10/16/2023 8:41,Published
1176,10,massa rutrum,"eu nulla at sem molestie sodales. Mauris blandit enim consequat purus. Maecenas libero est, congue a, aliquet vel, vulputate eu, odio. Phasellus at augue",3/16/2024 5:43,Draft
1077,8,ullamcorper magna.,interdum enim non nisi. Aenean eget metus. In nec orci. Donec nibh. Quisque nonummy ipsum,4/21/2024 11:19,Published
1212,4,erat volutpat.,"Aliquam ornare, libero at auctor ullamcorper, nisl arcu iaculis enim, sit amet ornare lectus justo eu arcu. Morbi sit",4/19/2024 11:10,Draft
1394,15,risus a,"Aliquam erat volutpat. Nulla facilisis. Suspendisse commodo tincidunt nibh. Phasellus nulla. Integer vulputate,",3/3/2024 11:42,Published
1066,6,"eleifend vitae,","vel est tempor bibendum. Donec felis orci, adipiscing non, luctus sit amet, faucibus ut, nulla. Cras eu tellus eu augue",3/17/2024 7:43,Draft
1209,7,Aenean sed,fringilla euismod enim. Etiam gravida molestie arcu. Sed eu nibh vulputate mauris sagittis,10/25/2023 4:36,Draft
1114,8,mollis. Phasellus,nascetur ridiculus mus. Proin vel arcu eu odio tristique pharetra. Quisque ac libero nec ligula consectetuer rhoncus. Nullam,8/17/2023 10:25,Published
1303,14,eget magna.,"tristique ac, eleifend vitae, erat. Vivamus nisi. Mauris nulla. Integer urna. Vivamus molestie dapibus ligula. Aliquam erat volutpat.",10/20/2023 13:07,Draft
1045,14,nec metus,"felis orci, adipiscing non, luctus sit amet, faucibus ut, nulla. Cras eu tellus eu augue porttitor interdum. Sed auctor odio a",4/28/2024 1:23,Draft
1288,1,Morbi vehicula.,Nulla semper tellus id nunc interdum feugiat. Sed nec metus facilisis lorem tristique aliquet.,1/14/2024 17:40,Published
1373,11,"luctus, ipsum","ante dictum cursus. Nunc mauris elit, dictum eu, eleifend nec, malesuada ut,",9/14/2023 4:43,Draft
1079,6,egestas lacinia.,"nisi magna sed dui. Fusce aliquam, enim nec tempus scelerisque, lorem ipsum sodales purus, in molestie tortor nibh sit amet orci. Ut",10/19/2023 20:36,Draft
1323,10,fames ac,"pharetra nibh. Aliquam ornare, libero at auctor ullamcorper, nisl arcu iaculis enim, sit amet ornare lectus",9/20/2023 3:00,Draft
1104,13,aliquet odio.,"dolor sit amet, consectetuer adipiscing elit. Curabitur sed tortor. Integer aliquam adipiscing lacus.",7/25/2023 8:37,Draft
1389,7,interdum libero,"ut ipsum ac mi eleifend egestas. Sed pharetra, felis eget varius ultrices, mauris ipsum porta elit, a feugiat tellus lorem eu metus. In lorem. Donec",2/25/2024 18:01,Published
1238,7,Nullam scelerisque,"mattis velit justo nec ante. Maecenas mi felis, adipiscing fringilla, porttitor vulputate, posuere vulputate, lacus. Cras interdum. Nunc sollicitudin commodo ipsum. Suspendisse non",3/1/2024 8:19,Draft
1169,12,non lorem,ridiculus mus. Donec dignissim magna a tortor. Nunc commodo auctor velit. Aliquam nisl. Nulla eu neque,4/2/2024 22:10,Published
1239,9,interdum. Nunc,"ut cursus luctus, ipsum leo elementum sem, vitae aliquam eros turpis non enim. Mauris quis turpis vitae purus gravida sagittis. Duis",6/7/2023 17:59,Draft
1288,5,Nam interdum,"nibh lacinia orci, consectetuer euismod est arcu ac orci. Ut semper pretium neque. Morbi quis urna. Nunc quis arcu vel quam dignissim",12/11/2023 8:05,Published
1312,13,magnis dis,"sociis natoque penatibus et magnis dis parturient montes, nascetur ridiculus mus. Aenean eget magna. Suspendisse tristique neque venenatis lacus. Etiam",2/21/2024 7:57,Published
1330,14,"iaculis nec,","tincidunt vehicula risus. Nulla eget metus eu erat semper rutrum. Fusce dolor quam,",7/1/2023 14:28,Published
1144,11,consectetuer adipiscing,"Suspendisse commodo tincidunt nibh. Phasellus nulla. Integer vulputate, risus a ultricies adipiscing, enim mi tempor lorem, eget",6/2/2023 6:25,Draft
1399,14,sit amet,"lacus vestibulum lorem, sit amet ultricies sem magna nec quam. Curabitur vel lectus. Cum",7/28/2023 10:40,Draft
1240,8,vitae dolor.,"lorem ut aliquam iaculis, lacus pede sagittis augue, eu tempor erat neque non",7/30/2023 1:22,Draft
1162,12,quis urna.,"fringilla, porttitor vulputate, posuere vulputate, lacus. Cras interdum. Nunc sollicitudin commodo ipsum. Suspendisse non leo. Vivamus nibh dolor, nonummy ac, feugiat non, lobortis quis, pede.",11/19/2023 8:13,Draft
1073,12,Quisque ornare,Donec at arcu. Vestibulum ante ipsum primis in faucibus orci luctus et ultrices,5/1/2024 9:27,Draft
1316,5,enim. Curabitur,"dui lectus rutrum urna, nec luctus felis purus ac tellus. Suspendisse sed dolor. Fusce mi lorem, vehicula et, rutrum eu,",6/5/2023 17:06,Draft
1176,7,Cum sociis,"ornare, libero at auctor ullamcorper, nisl arcu iaculis enim, sit amet ornare",3/16/2024 3:32,Published
1379,14,non sapien,"semper. Nam tempor diam dictum sapien. Aenean massa. Integer vitae nibh. Donec est mauris, rhoncus id, mollis",1/29/2024 15:18,Published
1046,6,in lobortis,"mollis nec, cursus a, enim. Suspendisse aliquet, sem ut cursus luctus, ipsum leo elementum sem, vitae aliquam eros turpis non enim. Mauris quis",12/23/2023 16:53,Draft
1051,10,arcu. Vestibulum,"tortor, dictum eu, placerat eget, venenatis a, magna. Lorem ipsum dolor sit amet, consectetuer adipiscing elit. Etiam laoreet,",6/27/2023 9:14,Published
1141,5,lorem vitae,"ipsum dolor sit amet, consectetuer adipiscing elit. Aliquam auctor, velit eget laoreet posuere, enim nisl elementum purus, accumsan interdum",9/12/2023 20:37,Draft
1088,4,mauris eu,Praesent eu nulla at sem molestie sodales. Mauris blandit enim consequat,11/15/2023 9:42,Published
1314,3,Nulla facilisi.,"sit amet luctus vulputate, nisi sem semper erat, in consectetuer ipsum nunc id enim. Curabitur massa. Vestibulum accumsan neque et nunc. Quisque ornare tortor",7/2/2023 15:30,Published
1104,1,Nam nulla,"orci, consectetuer euismod est arcu ac orci. Ut semper pretium neque. Morbi quis",1/31/2024 2:11,Published
1060,6,cubilia Curae,erat volutpat. Nulla dignissim. Maecenas ornare egestas ligula. Nullam feugiat placerat velit. Quisque varius. Nam porttitor scelerisque neque.,2/6/2024 3:54,Draft
1304,9,massa. Suspendisse,cursus. Integer mollis. Integer tincidunt aliquam arcu. Aliquam ultrices iaculis odio. Nam interdum enim non nisi. Aenean eget,8/26/2023 14:54,Draft
1105,3,aptent taciti,"ultrices a, auctor non, feugiat nec, diam. Duis mi enim, condimentum eget, volutpat ornare, facilisis eget,",8/15/2023 4:19,Draft
1335,5,ac facilisis,"vel est tempor bibendum. Donec felis orci, adipiscing non, luctus sit amet, faucibus ut, nulla. Cras eu tellus eu augue porttitor",11/3/2023 0:10,Draft
1275,13,arcu. Sed,Pellentesque ultricies dignissim lacus. Aliquam rutrum lorem ac risus. Morbi metus. Vivamus euismod urna. Nullam,9/26/2023 18:44,Published
1030,7,amet risus.,"felis. Donec tempor, est ac mattis semper, dui lectus rutrum urna, nec luctus felis purus ac tellus. Suspendisse sed dolor. Fusce mi lorem,",5/7/2023 9:07,Published
1269,9,"pellentesque a,",dui. Cras pellentesque. Sed dictum. Proin eget odio. Aliquam vulputate ullamcorper magna. Sed eu eros. Nam consequat dolor vitae dolor. Donec fringilla. Donec feugiat metus,5/7/2023 3:38,Draft
1321,11,"dictum eu,",metus. In nec orci. Donec nibh. Quisque nonummy ipsum non arcu. Vivamus sit amet risus. Donec egestas. Aliquam nec enim. Nunc ut erat. Sed,9/17/2023 19:46,Published
1229,13,fringilla mi,"risus. Morbi metus. Vivamus euismod urna. Nullam lobortis quam a felis ullamcorper viverra. Maecenas iaculis aliquet diam. Sed diam lorem, auctor quis, tristique ac,",6/12/2023 6:47,Draft
1306,9,Cum sociis,"eu enim. Etiam imperdiet dictum magna. Ut tincidunt orci quis lectus. Nullam suscipit, est ac facilisis facilisis, magna tellus faucibus",11/28/2023 7:09,Published
1195,13,quis diam,"convallis erat, eget tincidunt dui augue eu tellus. Phasellus elit pede, malesuada",9/3/2023 15:06,Draft
1100,13,adipiscing elit.,"eleifend egestas. Sed pharetra, felis eget varius ultrices, mauris ipsum porta elit, a feugiat tellus lorem",1/14/2024 7:10,Draft
1356,7,"molestie in,","felis orci, adipiscing non, luctus sit amet, faucibus ut, nulla. Cras",7/7/2023 2:00,Draft
1047,15,ipsum dolor,"Nunc mauris sapien, cursus in, hendrerit consectetuer, cursus et, magna. Praesent interdum ligula eu enim. Etiam imperdiet dictum",8/22/2023 10:19,Published
1139,9,sociis natoque,"lorem eu metus. In lorem. Donec elementum, lorem ut aliquam iaculis,",12/30/2023 2:54,Draft
1358,3,ultrices posuere,"a nunc. In at pede. Cras vulputate velit eu sem. Pellentesque ut ipsum ac mi eleifend egestas. Sed pharetra,",8/2/2023 20:45,Published
1080,14,"eu, ligula.","sed, hendrerit a, arcu. Sed et libero. Proin mi. Aliquam gravida mauris ut",5/24/2023 18:45,Published
1049,11,justo. Praesent,in consectetuer ipsum nunc id enim. Curabitur massa. Vestibulum accumsan neque et nunc. Quisque ornare tortor,1/12/2024 13:19,Draft
1381,10,amet metus.,"faucibus leo, in lobortis tellus justo sit amet nulla. Donec",2/5/2024 1:31,Published
1198,9,Quisque libero,"pretium aliquet, metus urna convallis erat, eget tincidunt dui augue eu tellus. Phasellus elit pede, malesuada vel, venenatis vel, faucibus id, libero. Donec",11/6/2023 22:21,Draft
1286,2,"vulputate, nisi","posuere at, velit. Cras lorem lorem, luctus ut, pellentesque eget, dictum placerat, augue. Sed molestie. Sed id risus",5/27/2023 0:20,Published
1008,11,eu metus.,"pellentesque, tellus sem mollis dui, in sodales elit erat vitae risus. Duis a",6/23/2023 23:24,Published
1313,3,Donec luctus,"montes, nascetur ridiculus mus. Aenean eget magna. Suspendisse tristique neque venenatis lacus. Etiam bibendum fermentum metus.",12/12/2023 20:54,Draft
1077,6,"velit dui,","fringilla cursus purus. Nullam scelerisque neque sed sem egestas blandit. Nam nulla magna, malesuada vel, convallis in, cursus",1/18/2024 16:31,Published
1002,6,ullamcorper. Duis,"euismod et, commodo at, libero. Morbi accumsan laoreet ipsum. Curabitur consequat, lectus sit amet luctus vulputate,",8/30/2023 7:53,Draft
1056,13,vel turpis.,"facilisis eget, ipsum. Donec sollicitudin adipiscing ligula. Aenean gravida nunc sed pede. Cum sociis",9/17/2023 12:27,Draft
1247,2,"elit, dictum","penatibus et magnis dis parturient montes, nascetur ridiculus mus. Proin vel nisl. Quisque fringilla euismod enim. Etiam gravida molestie arcu.",4/11/2024 20:04,Published
1381,6,a felis,"commodo tincidunt nibh. Phasellus nulla. Integer vulputate, risus a ultricies adipiscing, enim mi tempor",4/25/2024 4:29,Draft
1341,6,Nulla facilisi.,"conubia nostra, per inceptos hymenaeos. Mauris ut quam vel sapien imperdiet ornare.",11/1/2023 13:15,Published
1398,12,"pellentesque a,","lorem, auctor quis, tristique ac, eleifend vitae, erat. Vivamus nisi. Mauris nulla. Integer urna. Vivamus molestie dapibus ligula. Aliquam erat",5/21/2023 2:52,Draft
1178,6,"Integer vulputate,","id ante dictum cursus. Nunc mauris elit, dictum eu, eleifend nec, malesuada ut, sem. Nulla interdum. Curabitur dictum. Phasellus in felis. Nulla tempor augue",1/2/2024 8:53,Published
1227,6,Phasellus libero,"enim. Etiam gravida molestie arcu. Sed eu nibh vulputate mauris sagittis placerat. Cras dictum ultricies ligula. Nullam enim. Sed nulla ante, iaculis nec,",5/24/2023 12:09,Published
1065,14,sagittis semper.,"velit in aliquet lobortis, nisi nibh lacinia orci, consectetuer euismod est arcu ac orci. Ut",6/24/2023 0:58,Published
1064,9,"tempus non,",enim. Curabitur massa. Vestibulum accumsan neque et nunc. Quisque ornare tortor at,10/3/2023 11:40,Published
1400,12,ridiculus mus.,"augue scelerisque mollis. Phasellus libero mauris, aliquam eu, accumsan sed, facilisis vitae, orci. Phasellus dapibus quam",4/16/2024 2:47,Draft
1203,9,"nec, euismod","Duis sit amet diam eu dolor egestas rhoncus. Proin nisl sem, consequat",8/4/2023 4:12,Published
1192,9,molestie tortor,"hendrerit. Donec porttitor tellus non magna. Nam ligula elit, pretium et, rutrum non, hendrerit id,",10/19/2023 8:52,Draft
1158,10,erat vel,"sit amet metus. Aliquam erat volutpat. Nulla facilisis. Suspendisse commodo tincidunt nibh. Phasellus nulla. Integer vulputate, risus",8/31/2023 16:07,Draft
1279,7,sed pede,"pede. Nunc sed orci lobortis augue scelerisque mollis. Phasellus libero mauris, aliquam eu, accumsan sed, facilisis vitae, orci.",3/26/2024 19:55,Published
1161,4,"quis, tristique","Nullam suscipit, est ac facilisis facilisis, magna tellus faucibus leo, in lobortis tellus justo sit amet nulla. Donec non justo. Proin non massa",7/22/2023 12:43,Published
1246,8,enim. Etiam,"eu, odio. Phasellus at augue id ante dictum cursus. Nunc mauris elit, dictum eu, eleifend nec, malesuada ut, sem. Nulla interdum. Curabitur dictum.",2/3/2024 17:02,Published
1239,2,rhoncus. Proin,"Nunc ut erat. Sed nunc est, mollis non, cursus non, egestas a, dui. Cras pellentesque.",5/17/2023 21:01,Published
1192,11,Phasellus ornare.,Mauris nulla. Integer urna. Vivamus molestie dapibus ligula. Aliquam erat volutpat. Nulla dignissim. Maecenas ornare egestas ligula. Nullam feugiat placerat velit. Quisque varius.,5/17/2023 12:51,Published
1247,9,Praesent interdum,"vel est tempor bibendum. Donec felis orci, adipiscing non, luctus sit amet, faucibus ut, nulla. Cras",3/29/2024 1:22,Draft
1312,1,"malesuada vel,","arcu imperdiet ullamcorper. Duis at lacus. Quisque purus sapien, gravida non, sollicitudin a, malesuada id, erat.",12/27/2023 21:26,Draft
1138,3,metus facilisis,eget lacus. Mauris non dui nec urna suscipit nonummy. Fusce fermentum,12/2/2023 20:25,Draft
1261,9,pretium neque.,nonummy ipsum non arcu. Vivamus sit amet risus. Donec egestas. Aliquam nec enim. Nunc ut erat. Sed nunc,12/8/2023 8:12,Published
1115,10,"montes, nascetur",commodo auctor velit. Aliquam nisl. Nulla eu neque pellentesque massa lobortis ultrices.,8/21/2023 14:35,Draft
1002,1,lorem. Donec,"ipsum sodales purus, in molestie tortor nibh sit amet orci. Ut sagittis lobortis mauris. Suspendisse aliquet molestie tellus.",4/28/2024 21:52,Draft
1034,10,ut cursus,"posuere vulputate, lacus. Cras interdum. Nunc sollicitudin commodo ipsum. Suspendisse non leo. Vivamus",1/23/2024 18:30,Draft
1303,6,"pede, ultrices","orci lobortis augue scelerisque mollis. Phasellus libero mauris, aliquam eu, accumsan sed, facilisis",8/14/2023 14:21,Draft
1354,8,semper rutrum.,"malesuada ut, sem. Nulla interdum. Curabitur dictum. Phasellus in felis. Nulla tempor augue ac ipsum. Phasellus",8/25/2023 5:43,Draft
1207,11,"aliquet nec,","nonummy ultricies ornare, elit elit fermentum risus, at fringilla purus mauris a nunc. In at pede. Cras",4/22/2024 10:53,Draft
1146,12,"felis, adipiscing","eget varius ultrices, mauris ipsum porta elit, a feugiat tellus lorem eu metus. In lorem. Donec elementum, lorem ut aliquam",4/26/2024 4:30,Published
1243,13,"non, dapibus","penatibus et magnis dis parturient montes, nascetur ridiculus mus. Aenean eget magna. Suspendisse tristique neque venenatis lacus.",7/11/2023 5:52,Published
1007,14,dictum sapien.,"arcu et pede. Nunc sed orci lobortis augue scelerisque mollis. Phasellus libero mauris, aliquam eu, accumsan sed, facilisis vitae,",11/5/2023 18:16,Draft
1206,5,amet ornare,"mauris, rhoncus id, mollis nec, cursus a, enim. Suspendisse aliquet, sem ut cursus luctus,",7/25/2023 17:52,Draft
1025,3,nisi sem,consequat dolor vitae dolor. Donec fringilla. Donec feugiat metus sit amet ante. Vivamus non lorem vitae odio sagittis semper. Nam tempor diam dictum sapien.,5/25/2023 20:31,Draft
1138,10,Cras dolor,"placerat. Cras dictum ultricies ligula. Nullam enim. Sed nulla ante, iaculis nec, eleifend non, dapibus rutrum, justo. Praesent luctus. Curabitur",7/4/2023 0:21,Draft
1008,10,dictum. Phasellus,fermentum fermentum arcu. Vestibulum ante ipsum primis in faucibus orci luctus et ultrices posuere cubilia Curae Phasellus ornare.,1/16/2024 6:59,Draft
1049,13,"non, sollicitudin","ac facilisis facilisis, magna tellus faucibus leo, in lobortis tellus justo sit amet nulla. Donec non justo. Proin non massa",1/29/2024 12:45,Draft
1137,3,libero nec,"nec tellus. Nunc lectus pede, ultrices a, auctor non, feugiat nec,",4/26/2024 3:37,Published
1071,3,euismod enim.,"tempus, lorem fringilla ornare placerat, orci lacus vestibulum lorem, sit amet ultricies sem magna nec quam. Curabitur vel lectus. Cum",9/30/2023 2:10,Draft
1248,10,ipsum primis,"sapien molestie orci tincidunt adipiscing. Mauris molestie pharetra nibh. Aliquam ornare, libero at auctor ullamcorper, nisl arcu iaculis enim, sit amet ornare lectus",11/20/2023 6:30,Draft
1112,14,est. Nunc,"dolor egestas rhoncus. Proin nisl sem, consequat nec, mollis vitae, posuere at, velit. Cras lorem",8/20/2023 11:49,Published
1331,3,non quam.,"felis eget varius ultrices, mauris ipsum porta elit, a feugiat tellus lorem eu metus. In lorem. Donec elementum,",10/10/2023 13:40,Draft
1093,12,non massa,vel quam dignissim pharetra. Nam ac nulla. In tincidunt congue turpis.,10/23/2023 4:27,Draft
1073,9,"vitae, erat.","Duis sit amet diam eu dolor egestas rhoncus. Proin nisl sem, consequat nec, mollis vitae, posuere at, velit. Cras lorem lorem, luctus ut, pellentesque eget,",11/27/2023 22:14,Published
1370,14,scelerisque neque,"vulputate mauris sagittis placerat. Cras dictum ultricies ligula. Nullam enim. Sed nulla ante, iaculis nec, eleifend non, dapibus",3/21/2024 1:43,Draft
1201,7,Cras dolor,"laoreet lectus quis massa. Mauris vestibulum, neque sed dictum eleifend, nunc risus varius orci, in consequat enim diam vel arcu. Curabitur ut odio vel",8/23/2023 2:22,Published
1295,4,velit. Sed,"neque sed dictum eleifend, nunc risus varius orci, in consequat enim diam vel arcu. Curabitur ut odio vel est tempor",12/23/2023 16:25,Draft
1089,2,magna a,"ipsum. Curabitur consequat, lectus sit amet luctus vulputate, nisi sem semper erat, in consectetuer ipsum nunc id enim. Curabitur massa. Vestibulum accumsan",11/25/2023 7:42,Published
1008,6,"aliquet vel,","non, egestas a, dui. Cras pellentesque. Sed dictum. Proin eget odio. Aliquam vulputate ullamcorper magna. Sed eu eros.",5/7/2023 23:43,Draft
1310,13,adipiscing elit.,Aliquam erat volutpat. Nulla dignissim. Maecenas ornare egestas ligula. Nullam,5/11/2023 21:16,Published
1203,9,"sodales at,","enim nec tempus scelerisque, lorem ipsum sodales purus, in molestie tortor nibh sit amet orci.",11/22/2023 7:32,Published
1247,4,mattis. Cras,ornare. In faucibus. Morbi vehicula. Pellentesque tincidunt tempus risus. Donec egestas. Duis ac arcu. Nunc mauris. Morbi non sapien molestie orci tincidunt adipiscing. Mauris molestie,9/24/2023 3:12,Draft
1126,11,est. Nunc,quam quis diam. Pellentesque habitant morbi tristique senectus et netus et malesuada fames ac turpis egestas. Fusce aliquet magna a neque.,3/13/2024 6:12,Draft
1053,13,"dictum mi,",Mauris magna. Duis dignissim tempor arcu. Vestibulum ut eros non enim commodo hendrerit. Donec porttitor,3/29/2024 2:56,Published
1235,10,"luctus, ipsum","pulvinar arcu et pede. Nunc sed orci lobortis augue scelerisque mollis. Phasellus libero mauris,",4/5/2024 10:30,Published
1294,5,velit in,"ac urna. Ut tincidunt vehicula risus. Nulla eget metus eu erat semper rutrum. Fusce dolor quam, elementum at,",3/4/2024 12:04,Draft
1224,6,"purus, accumsan",nec metus facilisis lorem tristique aliquet. Phasellus fermentum convallis ligula. Donec luctus aliquet odio. Etiam ligula,4/25/2024 8:59,Published
1311,10,Sed eu,erat eget ipsum. Suspendisse sagittis. Nullam vitae diam. Proin dolor. Nulla,9/16/2023 10:56,Draft
1198,6,eu arcu.,"in, tempus eu, ligula. Aenean euismod mauris eu elit. Nulla facilisi. Sed neque. Sed eget lacus. Mauris non dui nec urna suscipit nonummy.",8/26/2023 19:34,Published
1149,11,eget varius,quis diam luctus lobortis. Class aptent taciti sociosqu ad litora torquent per conubia,8/8/2023 14:47,Draft
1114,11,"tellus, imperdiet","vulputate dui, nec tempus mauris erat eget ipsum. Suspendisse sagittis. Nullam vitae diam. Proin dolor. Nulla semper tellus id nunc interdum feugiat. Sed",2/9/2024 4:38,Draft
1144,3,facilisis lorem,"quis, tristique ac, eleifend vitae, erat. Vivamus nisi. Mauris nulla. Integer urna. Vivamus molestie dapibus ligula. Aliquam erat volutpat. Nulla",12/12/2023 0:45,Published
1119,9,"Fusce aliquam,","pede ac urna. Ut tincidunt vehicula risus. Nulla eget metus eu erat semper rutrum. Fusce dolor quam, elementum at, egestas a,",2/3/2024 3:54,Draft
1284,3,magna tellus,"in magna. Phasellus dolor elit, pellentesque a, facilisis non, bibendum sed, est. Nunc laoreet",10/9/2023 7:12,Draft
1044,3,"montes, nascetur",dignissim lacus. Aliquam rutrum lorem ac risus. Morbi metus. Vivamus euismod urna. Nullam lobortis quam a felis ullamcorper viverra. Maecenas iaculis aliquet,11/3/2023 6:59,Draft
1076,14,"elit, pharetra","Cras convallis convallis dolor. Quisque tincidunt pede ac urna. Ut tincidunt vehicula risus. Nulla eget metus eu erat semper rutrum. Fusce dolor quam, elementum at,",4/21/2024 11:58,Published
1159,14,ac mattis,mattis. Cras eget nisi dictum augue malesuada malesuada. Integer id magna et ipsum cursus vestibulum. Mauris magna. Duis dignissim tempor arcu. Vestibulum ut,4/21/2024 5:25,Draft
1104,2,viverra. Donec,"Curabitur sed tortor. Integer aliquam adipiscing lacus. Ut nec urna et arcu imperdiet ullamcorper. Duis at lacus. Quisque purus sapien, gravida",3/21/2024 15:14,Published
1272,8,nulla. Integer,"vitae, posuere at, velit. Cras lorem lorem, luctus ut, pellentesque eget, dictum placerat, augue.",10/23/2023 19:20,Draft
1173,11,"consequat nec,","imperdiet nec, leo. Morbi neque tellus, imperdiet non, vestibulum nec, euismod in, dolor. Fusce feugiat.",5/15/2023 22:28,Draft
1131,3,tempor erat,"ornare, lectus ante dictum mi, ac mattis velit justo nec ante. Maecenas mi felis, adipiscing fringilla, porttitor vulputate, posuere vulputate, lacus. Cras",7/16/2023 22:27,Draft
1229,14,nibh. Phasellus,magna et ipsum cursus vestibulum. Mauris magna. Duis dignissim tempor arcu. Vestibulum ut eros non,11/2/2023 17:11,Published
1346,10,nisl. Quisque,"tortor. Nunc commodo auctor velit. Aliquam nisl. Nulla eu neque pellentesque massa lobortis ultrices. Vivamus rhoncus. Donec est. Nunc ullamcorper, velit in aliquet lobortis,",10/22/2023 0:38,Published
1272,10,"dolor quam,","dolor quam, elementum at, egestas a, scelerisque sed, sapien. Nunc pulvinar",4/17/2024 1:43,Draft
1146,10,"mollis vitae,","iaculis aliquet diam. Sed diam lorem, auctor quis, tristique ac, eleifend",5/7/2023 8:47,Published
1185,8,tincidunt adipiscing.,"velit justo nec ante. Maecenas mi felis, adipiscing fringilla, porttitor vulputate, posuere vulputate, lacus. Cras interdum. Nunc sollicitudin commodo ipsum.",7/27/2023 4:11,Published
1280,11,per conubia,"nec ante blandit viverra. Donec tempus, lorem fringilla ornare placerat, orci lacus vestibulum lorem,",5/21/2023 15:18,Published
1251,8,Cum sociis,primis in faucibus orci luctus et ultrices posuere cubilia Curae Donec tincidunt. Donec,12/23/2023 20:29,Published
1342,10,Cras sed,"magnis dis parturient montes, nascetur ridiculus mus. Aenean eget magna. Suspendisse tristique",6/4/2023 12:53,Draft
1103,11,dolor. Fusce,"id ante dictum cursus. Nunc mauris elit, dictum eu, eleifend nec, malesuada",10/31/2023 12:52,Draft
1219,13,"semper et,","ut, molestie in, tempus eu, ligula. Aenean euismod mauris eu elit. Nulla facilisi. Sed neque. Sed",9/6/2023 21:21,Published
1119,12,dui. Fusce,Cras eu tellus eu augue porttitor interdum. Sed auctor odio a,4/3/2024 16:48,Draft
1052,8,Sed id,"porttitor scelerisque neque. Nullam nisl. Maecenas malesuada fringilla est. Mauris eu turpis. Nulla aliquet. Proin velit. Sed malesuada augue ut lacus. Nulla tincidunt,",3/19/2024 2:31,Published
1055,8,mauris. Morbi,"lectus pede et risus. Quisque libero lacus, varius et, euismod et, commodo at, libero.",6/6/2023 2:31,Draft
1163,11,"ullamcorper eu,","tellus justo sit amet nulla. Donec non justo. Proin non massa non ante bibendum ullamcorper. Duis cursus, diam",11/10/2023 5:02,Published
1340,2,odio tristique,"Donec non justo. Proin non massa non ante bibendum ullamcorper. Duis cursus, diam at pretium aliquet,",6/10/2023 18:09,Draft
1366,14,"id, libero.","Duis cursus, diam at pretium aliquet, metus urna convallis erat, eget tincidunt dui augue eu tellus. Phasellus elit pede, malesuada vel,",3/3/2024 6:29,Published
1197,14,nisi. Aenean,"libero at auctor ullamcorper, nisl arcu iaculis enim, sit amet ornare lectus justo eu arcu.",1/28/2024 8:25,Published
1203,9,vehicula risus.,semper tellus id nunc interdum feugiat. Sed nec metus facilisis lorem tristique aliquet. Phasellus fermentum,6/27/2023 1:21,Draft
1278,8,in aliquet,Ut sagittis lobortis mauris. Suspendisse aliquet molestie tellus. Aenean egestas hendrerit neque. In,10/20/2023 23:24,Published
1219,3,nunc ac,"ligula tortor, dictum eu, placerat eget, venenatis a, magna. Lorem ipsum dolor sit amet, consectetuer adipiscing elit.",10/27/2023 10:12,Published
1023,8,congue turpis.,"nonummy ultricies ornare, elit elit fermentum risus, at fringilla purus mauris a nunc. In at pede. Cras",6/10/2023 13:03,Draft
1098,11,tellus faucibus,"vulputate, lacus. Cras interdum. Nunc sollicitudin commodo ipsum. Suspendisse non leo. Vivamus nibh dolor, nonummy ac, feugiat non, lobortis quis, pede. Suspendisse dui.",7/11/2023 17:25,Published
1290,4,"sed, facilisis","pharetra nibh. Aliquam ornare, libero at auctor ullamcorper, nisl arcu iaculis enim, sit amet ornare lectus justo eu arcu. Morbi",5/16/2023 12:18,Draft
1190,2,sollicitudin orci,"scelerisque, lorem ipsum sodales purus, in molestie tortor nibh sit amet orci. Ut sagittis lobortis mauris. Suspendisse aliquet molestie tellus. Aenean egestas hendrerit neque. In",12/13/2023 12:33,Draft
1229,12,Proin non,sit amet ultricies sem magna nec quam. Curabitur vel lectus. Cum sociis natoque penatibus,1/21/2024 10:42,Published
1209,7,mauris ipsum,"feugiat non, lobortis quis, pede. Suspendisse dui. Fusce diam nunc, ullamcorper",10/26/2023 20:07,Published
1027,3,"Mauris vestibulum,",amet ornare lectus justo eu arcu. Morbi sit amet massa. Quisque porttitor eros,6/28/2023 23:45,Published
1010,9,dis parturient,"venenatis vel, faucibus id, libero. Donec consectetuer mauris id sapien. Cras dolor dolor, tempus non, lacinia at, iaculis quis,",4/13/2024 10:36,Draft
1036,9,eros nec,convallis convallis dolor. Quisque tincidunt pede ac urna. Ut tincidunt vehicula risus.,12/22/2023 9:58,Draft
1315,1,"ligula tortor,","eget magna. Suspendisse tristique neque venenatis lacus. Etiam bibendum fermentum metus. Aenean sed pede nec ante blandit viverra. Donec tempus,",7/5/2023 10:39,Draft
1167,2,Fusce mi,at sem molestie sodales. Mauris blandit enim consequat purus. Maecenas libero,3/5/2024 11:22,Draft
1326,12,interdum ligula,"dolor, nonummy ac, feugiat non, lobortis quis, pede. Suspendisse dui. Fusce diam nunc, ullamcorper",8/31/2023 17:18,Draft
1233,6,tellus id,fermentum arcu. Vestibulum ante ipsum primis in faucibus orci luctus et ultrices,10/23/2023 16:56,Published
1196,2,Integer aliquam,"ut, nulla. Cras eu tellus eu augue porttitor interdum. Sed auctor odio a",5/30/2023 5:49,Published
1144,2,congue. In,"nibh vulputate mauris sagittis placerat. Cras dictum ultricies ligula. Nullam enim. Sed nulla ante, iaculis nec, eleifend non, dapibus rutrum, justo. Praesent",9/10/2023 23:46,Draft
1030,7,blandit congue.,"sed consequat auctor, nunc nulla vulputate dui, nec tempus mauris erat eget ipsum. Suspendisse sagittis. Nullam vitae",1/21/2024 19:34,Published
1117,8,Maecenas iaculis,"Pellentesque tincidunt tempus risus. Donec egestas. Duis ac arcu. Nunc mauris. Morbi non sapien molestie orci tincidunt adipiscing. Mauris molestie pharetra nibh. Aliquam ornare, libero",2/23/2024 1:05,Draft
1185,2,"nunc est,","elementum, dui quis accumsan convallis, ante lectus convallis est, vitae sodales nisi magna sed dui.",9/17/2023 13:43,Published
1351,11,Nam tempor,"lorem, sit amet ultricies sem magna nec quam. Curabitur vel lectus. Cum sociis natoque penatibus et magnis dis parturient montes, nascetur ridiculus",3/26/2024 11:08,Published
1152,13,tincidunt nibh.,enim non nisi. Aenean eget metus. In nec orci. Donec nibh. Quisque nonummy ipsum non arcu. Vivamus sit amet risus. Donec egestas. Aliquam,12/7/2023 8:08,Draft
1201,8,Duis a,"arcu. Vivamus sit amet risus. Donec egestas. Aliquam nec enim. Nunc ut erat. Sed nunc est, mollis non, cursus non, egestas a, dui. Cras",9/20/2023 6:33,Published
1128,13,rhoncus. Nullam,"Cras dolor dolor, tempus non, lacinia at, iaculis quis, pede. Praesent eu dui. Cum sociis natoque penatibus et magnis dis parturient",1/13/2024 3:58,Draft
1225,3,non justo.,Aliquam erat volutpat. Nulla facilisis. Suspendisse commodo tincidunt nibh. Phasellus nulla.,4/16/2024 6:33,Published
1173,9,erat. Vivamus,"Suspendisse dui. Fusce diam nunc, ullamcorper eu, euismod ac, fermentum vel, mauris. Integer sem elit, pharetra",12/17/2023 12:59,Published
1088,9,aliquet. Phasellus,tempor erat neque non quam. Pellentesque habitant morbi tristique senectus et netus et malesuada fames,9/4/2023 4:09,Published
1024,3,"at, velit.","vel, faucibus id, libero. Donec consectetuer mauris id sapien. Cras dolor",7/1/2023 3:06,Draft
1146,6,malesuada augue,"pede, ultrices a, auctor non, feugiat nec, diam. Duis mi enim, condimentum eget, volutpat ornare, facilisis",12/21/2023 12:40,Draft
1072,12,Ut nec,"natoque penatibus et magnis dis parturient montes, nascetur ridiculus mus. Proin vel nisl. Quisque fringilla euismod enim. Etiam",8/10/2023 1:51,Published
1154,2,in consequat,"risus. Donec nibh enim, gravida sit amet, dapibus id, blandit at, nisi. Cum sociis natoque penatibus et magnis",5/23/2023 20:00,Published
1270,10,lacus. Quisque,"tincidunt orci quis lectus. Nullam suscipit, est ac facilisis facilisis,",6/24/2023 4:16,Published
1363,6,Integer id,Integer mollis. Integer tincidunt aliquam arcu. Aliquam ultrices iaculis odio. Nam interdum enim non,11/4/2023 0:33,Published
1119,13,magna. Ut,"enim. Sed nulla ante, iaculis nec, eleifend non, dapibus rutrum, justo. Praesent luctus. Curabitur egestas nunc sed",6/6/2023 9:42,Published
1173,4,eros turpis,"ligula tortor, dictum eu, placerat eget, venenatis a, magna. Lorem ipsum",7/3/2023 9:11,Published
1137,13,"aliquam, enim",sed libero. Proin sed turpis nec mauris blandit mattis. Cras eget nisi dictum augue malesuada,12/29/2023 14:33,Published
1072,6,"faucibus lectus,","ultrices posuere cubilia Curae Phasellus ornare. Fusce mollis. Duis sit amet diam eu dolor egestas rhoncus. Proin nisl sem,",11/30/2023 18:50,Published
1033,12,lobortis quam,"neque sed sem egestas blandit. Nam nulla magna, malesuada vel, convallis in, cursus et, eros. Proin ultrices. Duis volutpat nunc",1/5/2024 8:20,Draft
1337,12,Pellentesque ultricies,tincidunt vehicula risus. Nulla eget metus eu erat semper rutrum. Fusce dolor,3/14/2024 19:08,Published
1047,10,volutpat. Nulla,"hendrerit a, arcu. Sed et libero. Proin mi. Aliquam gravida mauris",4/17/2024 3:56,Published
1017,5,orci quis,"orci lobortis augue scelerisque mollis. Phasellus libero mauris, aliquam eu, accumsan",1/23/2024 7:19,Published
1348,4,Proin nisl,"id, ante. Nunc mauris sapien, cursus in, hendrerit consectetuer, cursus et, magna. Praesent interdum ligula eu enim. Etiam imperdiet dictum magna. Ut",6/23/2023 8:32,Draft
1386,8,turpis nec,"non, sollicitudin a, malesuada id, erat. Etiam vestibulum massa rutrum magna. Cras convallis convallis dolor. Quisque tincidunt pede ac",4/2/2024 11:36,Published
1108,10,rutrum. Fusce,"velit in aliquet lobortis, nisi nibh lacinia orci, consectetuer euismod est arcu ac orci. Ut semper",9/30/2023 3:57,Draft
1189,15,"parturient montes,","sem mollis dui, in sodales elit erat vitae risus. Duis a mi fringilla mi lacinia mattis. Integer eu lacus. Quisque",4/9/2024 2:09,Published
1151,3,fringilla ornare,"felis. Donec tempor, est ac mattis semper, dui lectus rutrum urna, nec luctus felis purus ac tellus. Suspendisse sed dolor. Fusce",12/27/2023 18:04,Published
1334,4,Sed et,"sed consequat auctor, nunc nulla vulputate dui, nec tempus mauris erat eget ipsum. Suspendisse sagittis. Nullam vitae diam.",3/29/2024 9:44,Draft
1138,1,porttitor eros,amet orci. Ut sagittis lobortis mauris. Suspendisse aliquet molestie tellus.,9/30/2023 9:51,Draft
1353,14,sapien. Aenean,odio. Nam interdum enim non nisi. Aenean eget metus. In nec orci. Donec nibh. Quisque nonummy ipsum non arcu. Vivamus,12/7/2023 11:39,Published
1043,3,leo. Cras,"risus, at fringilla purus mauris a nunc. In at pede. Cras vulputate velit eu sem. Pellentesque ut",5/29/2023 9:27,Draft
1071,5,lacus. Cras,"luctus sit amet, faucibus ut, nulla. Cras eu tellus eu augue porttitor interdum. Sed auctor odio a purus.",7/7/2023 15:52,Draft
1370,9,pharetra. Nam,"sit amet, dapibus id, blandit at, nisi. Cum sociis natoque penatibus et magnis dis parturient montes, nascetur ridiculus mus. Proin vel nisl.",1/3/2024 7:56,Draft
1326,14,"cursus et,","Nunc mauris elit, dictum eu, eleifend nec, malesuada ut, sem. Nulla interdum. Curabitur dictum. Phasellus in felis. Nulla tempor augue ac ipsum. Phasellus vitae mauris",9/4/2023 6:03,Published
1123,8,Sed id,"vitae, sodales at, velit. Pellentesque ultricies dignissim lacus. Aliquam rutrum lorem ac risus. Morbi metus. Vivamus euismod urna. Nullam lobortis quam",9/19/2023 16:54,Published
1246,11,"eleifend non,","In scelerisque scelerisque dui. Suspendisse ac metus vitae velit egestas lacinia. Sed congue, elit sed consequat auctor, nunc",6/10/2023 13:25,Published
1244,8,commodo ipsum.,tempor augue ac ipsum. Phasellus vitae mauris sit amet lorem semper,4/8/2024 15:20,Draft
1095,6,arcu. Sed,"sociis natoque penatibus et magnis dis parturient montes, nascetur ridiculus mus. Proin vel nisl. Quisque fringilla euismod enim. Etiam gravida molestie arcu. Sed eu nibh",9/5/2023 17:32,Draft
1253,15,faucibus orci,"auctor vitae, aliquet nec, imperdiet nec, leo. Morbi neque tellus, imperdiet non, vestibulum nec,",7/19/2023 2:35,Draft
1199,10,nec tempus,"ipsum dolor sit amet, consectetuer adipiscing elit. Etiam laoreet, libero et tristique",1/10/2024 9:38,Published
1272,9,arcu. Nunc,"metus. Aliquam erat volutpat. Nulla facilisis. Suspendisse commodo tincidunt nibh. Phasellus nulla. Integer vulputate, risus a ultricies adipiscing, enim mi tempor",3/21/2024 9:20,Published
1326,10,neque. Sed,"tempor diam dictum sapien. Aenean massa. Integer vitae nibh. Donec est mauris, rhoncus id, mollis nec,",10/9/2023 19:10,Published
1375,5,purus. Nullam,"Suspendisse ac metus vitae velit egestas lacinia. Sed congue, elit sed consequat auctor, nunc nulla vulputate dui, nec tempus mauris",8/22/2023 21:19,Draft
1002,7,"congue, elit","nec, diam. Duis mi enim, condimentum eget, volutpat ornare, facilisis eget, ipsum. Donec sollicitudin adipiscing ligula. Aenean gravida nunc sed",5/27/2023 7:41,Draft
1282,6,"Integer vulputate,","Sed nulla ante, iaculis nec, eleifend non, dapibus rutrum, justo. Praesent",12/21/2023 19:50,Draft
1069,4,ipsum primis,mus. Proin vel arcu eu odio tristique pharetra. Quisque ac libero nec ligula consectetuer rhoncus. Nullam velit,6/16/2023 17:48,Draft
1153,14,"fermentum vel,",mus. Donec dignissim magna a tortor. Nunc commodo auctor velit. Aliquam,1/10/2024 20:29,Draft
1096,10,erat vel,sed tortor. Integer aliquam adipiscing lacus. Ut nec urna et arcu imperdiet ullamcorper. Duis at lacus.,3/3/2024 18:23,Draft
1295,9,fames ac,"dolor sit amet, consectetuer adipiscing elit. Etiam laoreet, libero et tristique pellentesque, tellus sem mollis dui, in sodales elit erat vitae risus. Duis",2/17/2024 7:37,Published
1149,14,leo elementum,"congue, elit sed consequat auctor, nunc nulla vulputate dui, nec tempus mauris erat eget ipsum. Suspendisse sagittis.",2/26/2024 11:29,Draft
1329,2,mattis. Cras,"vestibulum nec, euismod in, dolor. Fusce feugiat. Lorem ipsum dolor sit amet, consectetuer adipiscing elit. Aliquam auctor, velit eget laoreet posuere, enim nisl elementum",9/3/2023 6:34,Draft
1011,5,nisi dictum,"Sed malesuada augue ut lacus. Nulla tincidunt, neque vitae semper egestas, urna justo faucibus",4/7/2024 13:20,Published
1366,4,"malesuada vel,","eget varius ultrices, mauris ipsum porta elit, a feugiat tellus lorem",2/7/2024 3:28,Published
1002,11,dignissim. Maecenas,"nunc ac mattis ornare, lectus ante dictum mi, ac mattis velit justo nec ante.",7/12/2023 10:35,Draft
1065,6,Praesent eu,"et arcu imperdiet ullamcorper. Duis at lacus. Quisque purus sapien, gravida non, sollicitudin a, malesuada id, erat.",11/29/2023 22:40,Published
1296,6,lorem fringilla,"quis, pede. Praesent eu dui. Cum sociis natoque penatibus et",12/19/2023 15:58,Published
1275,9,vel arcu,"scelerisque, lorem ipsum sodales purus, in molestie tortor nibh sit amet orci. Ut sagittis lobortis mauris. Suspendisse aliquet molestie tellus.",1/23/2024 2:05,Published
1019,9,neque. Morbi,"odio tristique pharetra. Quisque ac libero nec ligula consectetuer rhoncus. Nullam velit dui, semper et,",9/27/2023 13:01,Published
1195,6,"tristique ac,",senectus et netus et malesuada fames ac turpis egestas. Aliquam fringilla cursus purus. Nullam scelerisque,5/2/2024 5:04,Published
1379,14,Curae Phasellus,tempor augue ac ipsum. Phasellus vitae mauris sit amet lorem semper auctor. Mauris,3/6/2024 23:55,Published
1008,12,dolor sit,"Maecenas malesuada fringilla est. Mauris eu turpis. Nulla aliquet. Proin velit. Sed malesuada augue ut lacus. Nulla tincidunt, neque vitae semper egestas, urna justo",2/7/2024 1:33,Draft
1268,13,malesuada fringilla,"Cras interdum. Nunc sollicitudin commodo ipsum. Suspendisse non leo. Vivamus nibh dolor, nonummy ac, feugiat non, lobortis quis, pede. Suspendisse dui. Fusce diam",9/2/2023 9:48,Published
1310,14,enim commodo,sit amet lorem semper auctor. Mauris vel turpis. Aliquam adipiscing,3/31/2024 21:50,Published
1243,14,Nam porttitor,orci. Ut semper pretium neque. Morbi quis urna. Nunc quis arcu vel quam,3/29/2024 15:53,Published
1274,7,sem ut,odio semper cursus. Integer mollis. Integer tincidunt aliquam arcu. Aliquam ultrices iaculis odio. Nam interdum enim non nisi. Aenean,4/24/2024 1:47,Draft
1291,3,"risus, at","Nunc ut erat. Sed nunc est, mollis non, cursus non, egestas a, dui. Cras pellentesque. Sed dictum. Proin eget odio.",10/19/2023 19:18,Published
1354,7,cursus. Integer,"Duis ac arcu. Nunc mauris. Morbi non sapien molestie orci tincidunt adipiscing. Mauris molestie pharetra nibh. Aliquam ornare, libero at auctor ullamcorper,",7/7/2023 18:48,Published
1395,9,gravida sit,Nunc mauris. Morbi non sapien molestie orci tincidunt adipiscing. Mauris molestie pharetra,9/19/2023 17:41,Published
1314,7,ac mattis,"Sed eu nibh vulputate mauris sagittis placerat. Cras dictum ultricies ligula. Nullam enim. Sed nulla ante, iaculis nec, eleifend non, dapibus",3/3/2024 9:15,Published
1077,4,lacus. Etiam,"facilisis vitae, orci. Phasellus dapibus quam quis diam. Pellentesque habitant morbi",3/15/2024 10:57,Draft
1316,2,Cras vulputate,tellus id nunc interdum feugiat. Sed nec metus facilisis lorem tristique,9/7/2023 18:17,Draft
1236,13,sed consequat,"per conubia nostra, per inceptos hymenaeos. Mauris ut quam vel sapien imperdiet ornare. In faucibus. Morbi vehicula. Pellentesque tincidunt",8/19/2023 14:05,Draft
1098,2,arcu. Morbi,"et libero. Proin mi. Aliquam gravida mauris ut mi. Duis risus odio, auctor vitae, aliquet nec, imperdiet nec, leo. Morbi neque tellus, imperdiet",4/21/2024 20:05,Draft
1039,15,Quisque tincidunt,"risus. Nulla eget metus eu erat semper rutrum. Fusce dolor quam, elementum at, egestas a, scelerisque",4/1/2024 23:13,Published
1035,3,Ut tincidunt,sed libero. Proin sed turpis nec mauris blandit mattis. Cras eget nisi,2/22/2024 0:31,Published
1359,8,ultrices sit,"a purus. Duis elementum, dui quis accumsan convallis, ante lectus convallis est, vitae sodales nisi magna sed dui. Fusce aliquam, enim nec",12/14/2023 1:10,Draft
1021,14,risus. Donec,"ipsum dolor sit amet, consectetuer adipiscing elit. Curabitur sed tortor. Integer aliquam adipiscing lacus. Ut nec urna et",10/30/2023 13:09,Draft
1034,11,arcu. Curabitur,"aliquam iaculis, lacus pede sagittis augue, eu tempor erat neque non quam. Pellentesque habitant morbi tristique senectus et netus et malesuada fames ac turpis",8/15/2023 13:22,Draft
1332,9,Phasellus in,"feugiat nec, diam. Duis mi enim, condimentum eget, volutpat ornare, facilisis eget, ipsum. Donec sollicitudin adipiscing ligula. Aenean gravida nunc sed pede. Cum",1/22/2024 16:50,Published
1382,4,dictum. Proin,"Sed congue, elit sed consequat auctor, nunc nulla vulputate dui, nec tempus mauris erat eget ipsum.",10/26/2023 14:26,Published
1029,2,congue. In,"nec, mollis vitae, posuere at, velit. Cras lorem lorem, luctus ut, pellentesque eget, dictum placerat, augue. Sed molestie. Sed id risus quis diam luctus lobortis.",10/1/2023 5:14,Draft
1076,7,"vulputate, posuere","scelerisque dui. Suspendisse ac metus vitae velit egestas lacinia. Sed congue, elit sed consequat auctor, nunc nulla vulputate dui,",10/9/2023 13:32,Published
1124,2,diam. Pellentesque,non arcu. Vivamus sit amet risus. Donec egestas. Aliquam nec enim. Nunc ut erat. Sed,1/5/2024 17:26,Published
1007,4,Nunc commodo,"amet nulla. Donec non justo. Proin non massa non ante bibendum ullamcorper. Duis cursus, diam at pretium aliquet, metus urna convallis erat,",8/16/2023 21:42,Published
1143,8,dignissim. Maecenas,"Fusce dolor quam, elementum at, egestas a, scelerisque sed, sapien.",4/5/2024 20:48,Draft
1059,11,ut lacus.,"tempor bibendum. Donec felis orci, adipiscing non, luctus sit amet, faucibus ut, nulla.",4/10/2024 7:05,Draft
1376,5,cursus purus.,Donec vitae erat vel pede blandit congue. In scelerisque scelerisque dui.,8/18/2023 12:50,Published
1090,9,Fusce diam,"tellus non magna. Nam ligula elit, pretium et, rutrum non, hendrerit id,",12/9/2023 14:56,Draft
1338,7,Nunc mauris.,facilisi. Sed neque. Sed eget lacus. Mauris non dui nec urna suscipit nonummy. Fusce fermentum fermentum arcu. Vestibulum ante ipsum primis in faucibus orci,5/16/2023 22:03,Draft
1397,11,sit amet,"mauris. Suspendisse aliquet molestie tellus. Aenean egestas hendrerit neque. In ornare sagittis felis. Donec tempor, est ac mattis",7/8/2023 6:35,Draft
1141,15,"hendrerit id,","lorem tristique aliquet. Phasellus fermentum convallis ligula. Donec luctus aliquet odio. Etiam ligula tortor, dictum eu, placerat eget, venenatis a, magna. Lorem ipsum dolor sit",4/6/2024 7:03,Draft
1047,9,commodo ipsum.,"a mi fringilla mi lacinia mattis. Integer eu lacus. Quisque imperdiet, erat nonummy ultricies ornare, elit elit fermentum risus, at fringilla purus",10/12/2023 7:14,Published
1170,12,Etiam gravida,"non, vestibulum nec, euismod in, dolor. Fusce feugiat. Lorem ipsum dolor sit amet, consectetuer adipiscing elit. Aliquam auctor, velit",6/29/2023 15:48,Published
1388,5,"est mauris,",tortor. Nunc commodo auctor velit. Aliquam nisl. Nulla eu neque pellentesque massa lobortis ultrices. Vivamus rhoncus. Donec est.,4/4/2024 7:11,Draft
1352,8,"nec, eleifend","lobortis. Class aptent taciti sociosqu ad litora torquent per conubia nostra, per inceptos hymenaeos. Mauris ut quam vel sapien imperdiet",10/27/2023 2:28,Published
1371,7,nulla. Integer,"metus urna convallis erat, eget tincidunt dui augue eu tellus. Phasellus elit pede, malesuada",12/13/2023 12:24,Draft
1320,12,orci tincidunt,"accumsan laoreet ipsum. Curabitur consequat, lectus sit amet luctus vulputate, nisi sem semper erat, in consectetuer",8/10/2023 6:45,Draft
1060,2,egestas ligula.,"vel, faucibus id, libero. Donec consectetuer mauris id sapien. Cras dolor dolor, tempus non, lacinia at, iaculis quis, pede. Praesent eu",1/19/2024 18:04,Draft
1086,9,ante. Maecenas,"nibh dolor, nonummy ac, feugiat non, lobortis quis, pede. Suspendisse dui. Fusce diam nunc, ullamcorper eu, euismod",3/7/2024 7:31,Published
1222,4,"eu, euismod","cursus non, egestas a, dui. Cras pellentesque. Sed dictum. Proin eget odio. Aliquam vulputate ullamcorper magna. Sed eu eros. Nam",1/28/2024 21:17,Published
1141,7,lobortis ultrices.,"a purus. Duis elementum, dui quis accumsan convallis, ante lectus convallis est, vitae sodales nisi magna sed dui. Fusce aliquam, enim",8/5/2023 11:26,Draft
1206,4,orci lobortis,"vulputate, risus a ultricies adipiscing, enim mi tempor lorem, eget mollis lectus pede et risus. Quisque libero",10/4/2023 7:24,Published
1059,14,Integer sem,"non, luctus sit amet, faucibus ut, nulla. Cras eu tellus eu augue porttitor interdum. Sed auctor odio a purus. Duis elementum, dui",1/18/2024 23:24,Draft
1307,14,augue scelerisque,"urna, nec luctus felis purus ac tellus. Suspendisse sed dolor. Fusce mi lorem, vehicula et, rutrum eu, ultrices sit amet, risus. Donec nibh enim, gravida",4/8/2024 9:49,Draft
1335,14,Nulla eget,dignissim magna a tortor. Nunc commodo auctor velit. Aliquam nisl. Nulla eu neque pellentesque massa lobortis,8/17/2023 21:13,Published
1101,14,mauris eu,nunc interdum feugiat. Sed nec metus facilisis lorem tristique aliquet. Phasellus fermentum convallis ligula. Donec luctus aliquet odio.,5/27/2023 20:54,Published
1375,6,elit. Nulla,"cursus non, egestas a, dui. Cras pellentesque. Sed dictum. Proin eget odio. Aliquam vulputate ullamcorper",9/16/2023 10:31,Draft
1186,10,enim nec,"ac metus vitae velit egestas lacinia. Sed congue, elit sed consequat auctor, nunc nulla vulputate dui, nec",11/28/2023 13:50,Draft
1267,10,"semper et,","neque venenatis lacus. Etiam bibendum fermentum metus. Aenean sed pede nec ante blandit viverra. Donec tempus, lorem fringilla ornare placerat, orci",5/21/2023 22:37,Draft
1161,9,magna. Nam,"sociis natoque penatibus et magnis dis parturient montes, nascetur ridiculus mus. Aenean eget magna. Suspendisse tristique neque venenatis lacus. Etiam bibendum fermentum metus. Aenean",10/29/2023 12:28,Published
1116,14,ornare egestas,"convallis dolor. Quisque tincidunt pede ac urna. Ut tincidunt vehicula risus. Nulla eget metus eu erat semper rutrum. Fusce dolor quam, elementum at,",9/21/2023 2:30,Published
1325,5,"conubia nostra,",ridiculus mus. Proin vel arcu eu odio tristique pharetra. Quisque ac libero nec,10/14/2023 1:24,Published
1134,5,dictum. Proin,nunc sed libero. Proin sed turpis nec mauris blandit mattis. Cras,9/1/2023 5:39,Published
1007,10,Nunc pulvinar,"velit. Cras lorem lorem, luctus ut, pellentesque eget, dictum placerat, augue. Sed molestie. Sed id risus quis",3/30/2024 20:14,Published
1268,11,erat vel,"Phasellus libero mauris, aliquam eu, accumsan sed, facilisis vitae, orci. Phasellus dapibus quam quis diam.",6/5/2023 11:09,Draft
1002,5,nisl arcu,"Nunc mauris elit, dictum eu, eleifend nec, malesuada ut, sem. Nulla interdum. Curabitur dictum. Phasellus in felis. Nulla tempor augue ac ipsum. Phasellus vitae mauris",4/12/2024 14:33,Draft
1064,2,magnis dis,"eget varius ultrices, mauris ipsum porta elit, a feugiat tellus lorem eu metus. In lorem. Donec elementum, lorem ut aliquam iaculis, lacus pede sagittis",9/22/2023 20:11,Published
1173,14,diam vel,"eu arcu. Morbi sit amet massa. Quisque porttitor eros nec tellus. Nunc lectus pede, ultrices a, auctor",9/8/2023 19:45,Draft
1047,12,"vulputate, posuere","lorem ipsum sodales purus, in molestie tortor nibh sit amet orci. Ut sagittis lobortis mauris. Suspendisse",1/28/2024 16:29,Published
1005,9,Proin velit.,"a, aliquet vel, vulputate eu, odio. Phasellus at augue id ante dictum cursus. Nunc mauris elit, dictum eu, eleifend nec, malesuada ut, sem. Nulla interdum.",8/15/2023 16:43,Draft
1247,14,nec ante,"et pede. Nunc sed orci lobortis augue scelerisque mollis. Phasellus libero mauris, aliquam eu,",9/17/2023 16:06,Draft
1174,6,amet nulla.,"Ut nec urna et arcu imperdiet ullamcorper. Duis at lacus. Quisque purus sapien, gravida non, sollicitudin a, malesuada id, erat. Etiam vestibulum massa",7/4/2023 12:58,Draft
1010,13,odio. Phasellus,"amet, consectetuer adipiscing elit. Curabitur sed tortor. Integer aliquam adipiscing lacus. Ut nec urna et arcu imperdiet ullamcorper. Duis at lacus. Quisque purus sapien,",7/6/2023 18:32,Published
1210,12,consequat enim,et nunc. Quisque ornare tortor at risus. Nunc ac sem ut,1/1/2024 4:08,Draft
1250,9,magnis dis,"pharetra, felis eget varius ultrices, mauris ipsum porta elit, a feugiat tellus lorem eu metus. In lorem. Donec elementum, lorem ut",1/17/2024 4:12,Published
1139,13,blandit congue.,"imperdiet, erat nonummy ultricies ornare, elit elit fermentum risus, at",8/31/2023 16:32,Published
1253,5,quis accumsan,"posuere at, velit. Cras lorem lorem, luctus ut, pellentesque eget, dictum placerat, augue. Sed molestie. Sed id risus",7/24/2023 10:46,Published
1161,14,mauris sit,vel quam dignissim pharetra. Nam ac nulla. In tincidunt congue turpis. In condimentum. Donec at arcu. Vestibulum,6/19/2023 0:50,Published
1383,8,"pharetra sed,","nulla. Integer vulputate, risus a ultricies adipiscing, enim mi tempor lorem, eget mollis lectus pede et risus.",2/7/2024 5:03,Published
1342,9,"risus odio,","Nam ligula elit, pretium et, rutrum non, hendrerit id, ante. Nunc mauris sapien, cursus in, hendrerit consectetuer, cursus et, magna. Praesent interdum ligula eu",9/3/2023 3:20,Draft
1280,10,Morbi sit,dictum. Phasellus in felis. Nulla tempor augue ac ipsum. Phasellus vitae mauris sit amet lorem,6/29/2023 3:38,Draft
1329,10,morbi tristique,"eros. Proin ultrices. Duis volutpat nunc sit amet metus. Aliquam erat volutpat. Nulla facilisis. Suspendisse commodo tincidunt nibh. Phasellus nulla. Integer vulputate,",10/3/2023 15:51,Draft
1091,2,quis turpis,"lacus. Quisque imperdiet, erat nonummy ultricies ornare, elit elit fermentum risus, at fringilla purus",12/22/2023 15:47,Published
1012,7,turpis. Aliquam,"ut erat. Sed nunc est, mollis non, cursus non, egestas a, dui. Cras",5/24/2023 11:34,Draft
1140,8,est tempor,"orci lobortis augue scelerisque mollis. Phasellus libero mauris, aliquam eu, accumsan sed, facilisis vitae,",6/16/2023 15:46,Published
1271,4,"vestibulum, neque","sed pede nec ante blandit viverra. Donec tempus, lorem fringilla ornare placerat, orci",12/28/2023 21:46,Published
1237,3,"erat, in","non, sollicitudin a, malesuada id, erat. Etiam vestibulum massa rutrum magna. Cras convallis convallis dolor. Quisque tincidunt pede ac urna. Ut",6/29/2023 8:40,Draft
1212,11,vitae dolor.,et ipsum cursus vestibulum. Mauris magna. Duis dignissim tempor arcu. Vestibulum ut eros non enim commodo hendrerit. Donec porttitor tellus,1/4/2024 17:32,Draft
1165,14,ipsum dolor,"ut, nulla. Cras eu tellus eu augue porttitor interdum. Sed auctor odio a purus. Duis elementum, dui quis accumsan",1/1/2024 16:19,Published
1016,1,quis massa.,"Phasellus fermentum convallis ligula. Donec luctus aliquet odio. Etiam ligula tortor,",10/27/2023 8:48,Published
1277,3,diam luctus,"conubia nostra, per inceptos hymenaeos. Mauris ut quam vel sapien imperdiet ornare. In faucibus. Morbi vehicula. Pellentesque tincidunt tempus",9/13/2023 19:33,Draft
1341,8,in faucibus,iaculis odio. Nam interdum enim non nisi. Aenean eget metus. In nec,11/3/2023 23:55,Draft
1185,12,lacus. Nulla,"pede et risus. Quisque libero lacus, varius et, euismod et, commodo at, libero. Morbi accumsan laoreet ipsum. Curabitur consequat, lectus sit amet luctus vulputate,",12/24/2023 9:14,Draft
1039,7,ridiculus mus.,"Quisque purus sapien, gravida non, sollicitudin a, malesuada id, erat. Etiam vestibulum massa rutrum magna. Cras convallis convallis dolor. Quisque tincidunt pede ac",3/15/2024 13:40,Draft
1254,1,ligula. Aenean,"malesuada id, erat. Etiam vestibulum massa rutrum magna. Cras convallis convallis dolor. Quisque tincidunt pede ac urna. Ut tincidunt vehicula risus. Nulla eget",8/27/2023 6:31,Published
1044,10,massa. Quisque,"faucibus lectus, a sollicitudin orci sem eget massa. Suspendisse eleifend. Cras sed leo. Cras vehicula aliquet libero. Integer in",7/31/2023 15:33,Published
1114,2,elit. Etiam,"sodales. Mauris blandit enim consequat purus. Maecenas libero est, congue a, aliquet vel, vulputate eu, odio. Phasellus at augue id ante dictum cursus.",5/3/2024 0:11,Draft
1151,2,urna. Nunc,"Donec elementum, lorem ut aliquam iaculis, lacus pede sagittis augue, eu tempor erat neque non",2/6/2024 20:12,Published
1205,14,elit. Etiam,"nec, mollis vitae, posuere at, velit. Cras lorem lorem, luctus ut, pellentesque eget, dictum placerat, augue. Sed molestie. Sed id",8/21/2023 13:12,Published
1332,4,auctor. Mauris,"consectetuer rhoncus. Nullam velit dui, semper et, lacinia vitae, sodales at, velit. Pellentesque ultricies dignissim lacus. Aliquam rutrum lorem ac risus. Morbi metus. Vivamus euismod",1/10/2024 0:41,Draft
1130,3,In lorem.,dapibus ligula. Aliquam erat volutpat. Nulla dignissim. Maecenas ornare egestas ligula. Nullam feugiat placerat velit. Quisque varius.,12/20/2023 15:55,Published
1249,9,quis accumsan,"amet metus. Aliquam erat volutpat. Nulla facilisis. Suspendisse commodo tincidunt nibh. Phasellus nulla. Integer vulputate, risus a ultricies adipiscing, enim mi tempor lorem,",1/30/2024 2:32,Published
