post_id,tag_id,title,content,date_published,status
1248,26,"egestas a,","lorem, eget mollis lectus pede et risus. Quisque libero lacus, varius et, euismod et, commodo at, libero. Morbi accumsan",7/27/2023 9:34,Draft
1065,21,vel quam,"mauris sagittis placerat. Cras dictum ultricies ligula. Nullam enim. Sed nulla ante, iaculis nec, eleifend non,",8/21/2023 7:35,Published
1238,39,est. Nunc,libero. Proin sed turpis nec mauris blandit mattis. Cras eget nisi dictum augue malesuada malesuada. Integer id magna et ipsum cursus vestibulum.,10/2/2023 10:32,Draft
1182,36,"dolor elit,","sed, hendrerit a, arcu. Sed et libero. Proin mi. Aliquam",5/20/2023 18:12,Published
1356,32,amet lorem,"diam dictum sapien. Aenean massa. Integer vitae nibh. Donec est mauris,",5/9/2023 19:47,Published
1217,27,lacus. Ut,erat eget ipsum. Suspendisse sagittis. Nullam vitae diam. Proin dolor. Nulla semper tellus id nunc interdum feugiat.,5/22/2023 5:47,Published
1320,11,arcu. Vestibulum,Vestibulum accumsan neque et nunc. Quisque ornare tortor at risus. Nunc,8/6/2023 8:26,Published
1112,39,tempor augue,"tincidunt orci quis lectus. Nullam suscipit, est ac facilisis facilisis, magna tellus faucibus leo, in lobortis tellus justo sit amet",9/1/2023 1:44,Draft
1152,2,Donec egestas.,"nisl. Nulla eu neque pellentesque massa lobortis ultrices. Vivamus rhoncus. Donec est. Nunc ullamcorper, velit in aliquet lobortis, nisi nibh lacinia orci, consectetuer",9/11/2023 14:04,Draft
1090,16,"tristique pellentesque,","elit, dictum eu, eleifend nec, malesuada ut, sem. Nulla interdum. Curabitur dictum. Phasellus in felis. Nulla tempor augue ac ipsum. Phasellus",1/13/2024 4:44,Draft
1163,36,"vel, convallis","Proin non massa non ante bibendum ullamcorper. Duis cursus, diam at pretium aliquet, metus urna convallis erat, eget tincidunt dui augue eu tellus. Phasellus",9/13/2023 2:37,Draft
1040,26,dictum sapien.,"ipsum leo elementum sem, vitae aliquam eros turpis non enim. Mauris quis turpis vitae purus",2/10/2024 3:48,Published
1205,38,"Donec elementum,","urna justo faucibus lectus, a sollicitudin orci sem eget massa. Suspendisse eleifend. Cras sed leo. Cras vehicula aliquet libero. Integer in magna.",10/31/2023 0:14,Draft
1071,13,Donec est.,lectus justo eu arcu. Morbi sit amet massa. Quisque porttitor,2/10/2024 9:33,Draft
1107,39,eu tellus.,ridiculus mus. Donec dignissim magna a tortor. Nunc commodo auctor velit. Aliquam,8/29/2023 11:27,Published
1079,36,auctor. Mauris,"aliquam adipiscing lacus. Ut nec urna et arcu imperdiet ullamcorper. Duis at lacus. Quisque purus sapien, gravida non, sollicitudin a, malesuada id, erat.",3/4/2024 15:25,Published
1057,8,"adipiscing, enim","Phasellus elit pede, malesuada vel, venenatis vel, faucibus id, libero. Donec consectetuer",9/25/2023 9:52,Published
1374,19,Vestibulum ut,"elit. Aliquam auctor, velit eget laoreet posuere, enim nisl elementum purus,",2/8/2024 22:46,Draft
1383,25,fames ac,"felis eget varius ultrices, mauris ipsum porta elit, a feugiat tellus lorem eu metus. In lorem. Donec elementum,",5/18/2023 9:18,Draft
1254,16,Donec vitae,"Cras lorem lorem, luctus ut, pellentesque eget, dictum placerat, augue.",11/25/2023 9:54,Published
1191,14,mauris. Integer,"auctor odio a purus. Duis elementum, dui quis accumsan convallis, ante lectus convallis est, vitae",5/23/2023 15:32,Draft
1045,26,ultrices posuere,"amet ornare lectus justo eu arcu. Morbi sit amet massa. Quisque porttitor eros nec tellus. Nunc lectus pede, ultrices",3/23/2024 11:35,Published
1079,11,ante ipsum,"sem semper erat, in consectetuer ipsum nunc id enim. Curabitur massa. Vestibulum accumsan neque et nunc. Quisque ornare tortor at risus.",10/15/2023 20:42,Published
1144,33,magna. Cras,"Nullam nisl. Maecenas malesuada fringilla est. Mauris eu turpis. Nulla aliquet. Proin velit. Sed malesuada augue ut lacus. Nulla tincidunt, neque vitae",9/24/2023 13:10,Published
1267,31,"non, lacinia","vestibulum lorem, sit amet ultricies sem magna nec quam. Curabitur vel lectus.",7/4/2023 8:27,Published
1387,33,Nunc laoreet,Proin ultrices. Duis volutpat nunc sit amet metus. Aliquam erat volutpat. Nulla facilisis. Suspendisse,10/8/2023 3:56,Draft
1056,11,mattis. Integer,"dui. Suspendisse ac metus vitae velit egestas lacinia. Sed congue, elit sed consequat auctor, nunc nulla vulputate dui, nec tempus mauris",8/15/2023 7:07,Draft
1152,32,"lacinia at,","euismod in, dolor. Fusce feugiat. Lorem ipsum dolor sit amet,",10/24/2023 15:57,Published
1255,7,"condimentum eget,",enim. Mauris quis turpis vitae purus gravida sagittis. Duis gravida. Praesent eu nulla,4/17/2024 20:46,Published
1356,26,"mauris elit,",nulla. In tincidunt congue turpis. In condimentum. Donec at arcu. Vestibulum ante ipsum primis in faucibus orci,1/17/2024 7:52,Draft
1137,20,"ultrices, mauris",nec mauris blandit mattis. Cras eget nisi dictum augue malesuada malesuada. Integer id magna et ipsum cursus,10/31/2023 21:40,Published
1275,34,Vestibulum ante,convallis convallis dolor. Quisque tincidunt pede ac urna. Ut tincidunt vehicula risus. Nulla eget,10/1/2023 22:18,Published
1052,36,Nulla dignissim.,"magna. Lorem ipsum dolor sit amet, consectetuer adipiscing elit. Etiam laoreet, libero",1/11/2024 5:48,Published
1230,19,a neque.,nonummy ipsum non arcu. Vivamus sit amet risus. Donec egestas. Aliquam nec enim. Nunc,12/20/2023 14:22,Published
1316,14,a neque.,"ornare, elit elit fermentum risus, at fringilla purus mauris a nunc. In",6/2/2023 20:52,Published
1222,20,"dapibus rutrum,",Pellentesque habitant morbi tristique senectus et netus et malesuada fames ac turpis egestas. Fusce aliquet magna a neque. Nullam ut,7/6/2023 13:45,Draft
1391,4,"mauris elit,",Curabitur dictum. Phasellus in felis. Nulla tempor augue ac ipsum. Phasellus vitae mauris sit amet lorem semper auctor. Mauris vel,9/6/2023 18:14,Draft
1125,23,libero. Morbi,"elit elit fermentum risus, at fringilla purus mauris a nunc. In at pede. Cras vulputate velit eu sem. Pellentesque ut ipsum ac mi",8/18/2023 6:55,Draft
1237,16,"vel, venenatis",Vivamus nisi. Mauris nulla. Integer urna. Vivamus molestie dapibus ligula. Aliquam erat volutpat. Nulla dignissim. Maecenas ornare egestas ligula. Nullam feugiat placerat velit. Quisque,3/19/2024 3:08,Draft
1020,36,Nullam feugiat,"felis purus ac tellus. Suspendisse sed dolor. Fusce mi lorem, vehicula et, rutrum eu, ultrices sit amet, risus. Donec nibh",4/30/2024 16:23,Published
1011,33,"fermentum risus,","ac, feugiat non, lobortis quis, pede. Suspendisse dui. Fusce diam",7/25/2023 19:03,Draft
1383,21,"cursus in,","montes, nascetur ridiculus mus. Proin vel arcu eu odio tristique pharetra. Quisque ac libero nec",2/13/2024 3:12,Published
1188,23,"faucibus lectus,","dictum placerat, augue. Sed molestie. Sed id risus quis diam",2/5/2024 5:03,Published
1328,32,"non, bibendum",sollicitudin adipiscing ligula. Aenean gravida nunc sed pede. Cum sociis natoque,6/2/2023 13:42,Published
1043,6,nec urna,"nonummy ipsum non arcu. Vivamus sit amet risus. Donec egestas. Aliquam nec enim. Nunc ut erat. Sed nunc est, mollis non, cursus non, egestas a,",9/13/2023 9:38,Draft
1096,15,metus eu,"dictum mi, ac mattis velit justo nec ante. Maecenas mi felis, adipiscing fringilla,",9/19/2023 15:11,Published
1091,8,lacinia mattis.,"in lobortis tellus justo sit amet nulla. Donec non justo. Proin non massa non ante bibendum ullamcorper. Duis cursus, diam",11/17/2023 3:15,Published
1269,37,"pharetra ut,",eu elit. Nulla facilisi. Sed neque. Sed eget lacus. Mauris non dui nec,4/4/2024 0:00,Draft
1115,21,sociis natoque,Praesent luctus. Curabitur egestas nunc sed libero. Proin sed turpis nec mauris blandit mattis. Cras eget nisi dictum augue malesuada,7/17/2023 15:31,Draft
1332,33,"congue, elit","bibendum sed, est. Nunc laoreet lectus quis massa. Mauris vestibulum, neque sed dictum",3/1/2024 0:33,Draft
1097,32,"at, iaculis","vitae, orci. Phasellus dapibus quam quis diam. Pellentesque habitant morbi",8/28/2023 10:36,Draft
1349,6,Etiam bibendum,cursus. Integer mollis. Integer tincidunt aliquam arcu. Aliquam ultrices iaculis odio. Nam interdum,5/22/2023 21:33,Draft
1047,7,odio vel,"dapibus id, blandit at, nisi. Cum sociis natoque penatibus et magnis dis parturient montes, nascetur ridiculus mus. Proin",7/28/2023 18:51,Published
1061,2,"posuere at,","Maecenas iaculis aliquet diam. Sed diam lorem, auctor quis, tristique ac, eleifend vitae, erat. Vivamus nisi. Mauris nulla. Integer",9/8/2023 0:02,Draft
1396,19,"parturient montes,","Nam nulla magna, malesuada vel, convallis in, cursus et, eros. Proin ultrices.",9/1/2023 8:11,Draft
1253,22,Sed nec,"arcu. Sed eu nibh vulputate mauris sagittis placerat. Cras dictum ultricies ligula. Nullam enim. Sed nulla ante, iaculis nec, eleifend",3/7/2024 7:16,Draft
1282,9,augue. Sed,"dictum eu, eleifend nec, malesuada ut, sem. Nulla interdum. Curabitur dictum.",11/20/2023 4:09,Draft
1233,14,"dapibus rutrum,","purus. Duis elementum, dui quis accumsan convallis, ante lectus convallis est, vitae sodales nisi magna sed dui. Fusce aliquam, enim nec tempus",6/6/2023 12:51,Published
1320,29,Donec consectetuer,"parturient montes, nascetur ridiculus mus. Proin vel arcu eu odio tristique pharetra. Quisque ac libero nec ligula consectetuer",1/26/2024 7:01,Draft
1023,9,ornare tortor,"tellus. Nunc lectus pede, ultrices a, auctor non, feugiat nec, diam. Duis mi enim, condimentum eget, volutpat ornare, facilisis eget, ipsum. Donec sollicitudin adipiscing",7/1/2023 23:32,Draft
1330,23,"iaculis, lacus","eu sem. Pellentesque ut ipsum ac mi eleifend egestas. Sed pharetra, felis eget varius ultrices, mauris",3/15/2024 19:10,Published
1155,26,egestas nunc,"a, auctor non, feugiat nec, diam. Duis mi enim, condimentum eget, volutpat ornare, facilisis eget, ipsum. Donec sollicitudin",6/25/2023 9:58,Published
1123,26,"ut, pharetra","Duis elementum, dui quis accumsan convallis, ante lectus convallis est, vitae sodales nisi magna sed dui. Fusce aliquam, enim nec",5/2/2024 19:01,Published
1147,6,enim diam,"sagittis felis. Donec tempor, est ac mattis semper, dui lectus rutrum urna, nec luctus felis",10/17/2023 18:16,Draft
1185,3,blandit mattis.,"amet risus. Donec egestas. Aliquam nec enim. Nunc ut erat. Sed nunc est, mollis non, cursus non, egestas a,",7/13/2023 6:15,Published
1112,18,volutpat. Nulla,"placerat, orci lacus vestibulum lorem, sit amet ultricies sem magna nec quam. Curabitur vel lectus. Cum sociis natoque penatibus et magnis dis parturient montes,",5/14/2023 7:24,Draft
1139,4,magna. Sed,"lorem tristique aliquet. Phasellus fermentum convallis ligula. Donec luctus aliquet odio. Etiam ligula tortor, dictum eu,",7/10/2023 1:16,Published
1076,34,"eleifend nec,",sem molestie sodales. Mauris blandit enim consequat purus. Maecenas libero,5/4/2023 15:13,Draft
1117,27,mattis. Cras,nec mauris blandit mattis. Cras eget nisi dictum augue malesuada malesuada. Integer id magna et ipsum cursus vestibulum. Mauris magna. Duis dignissim,6/12/2023 0:15,Published
1101,5,commodo tincidunt,"a felis ullamcorper viverra. Maecenas iaculis aliquet diam. Sed diam lorem, auctor quis, tristique ac, eleifend",10/8/2023 17:46,Draft
1332,10,sapien. Cras,"ipsum cursus vestibulum. Mauris magna. Duis dignissim tempor arcu. Vestibulum ut eros non enim commodo hendrerit. Donec porttitor tellus non magna. Nam ligula elit,",2/19/2024 16:20,Draft
1174,21,enim. Etiam,orci. Ut semper pretium neque. Morbi quis urna. Nunc quis arcu vel quam dignissim pharetra. Nam ac,12/24/2023 22:34,Draft
1170,31,et magnis,mauris eu elit. Nulla facilisi. Sed neque. Sed eget lacus. Mauris non,3/26/2024 11:26,Draft
1353,9,"ultrices a,","tristique aliquet. Phasellus fermentum convallis ligula. Donec luctus aliquet odio. Etiam ligula tortor,",4/21/2024 16:02,Draft
1294,4,ipsum primis,"quis lectus. Nullam suscipit, est ac facilisis facilisis, magna tellus faucibus leo, in lobortis tellus justo sit amet",10/14/2023 20:30,Published
1299,20,lectus quis,"Donec nibh enim, gravida sit amet, dapibus id, blandit at, nisi. Cum sociis",12/27/2023 19:00,Published
1240,26,Integer mollis.,"rutrum. Fusce dolor quam, elementum at, egestas a, scelerisque sed, sapien. Nunc pulvinar arcu et pede. Nunc sed",1/22/2024 9:00,Published
1040,11,non justo.,"augue porttitor interdum. Sed auctor odio a purus. Duis elementum, dui quis accumsan convallis, ante lectus convallis est, vitae sodales nisi magna sed dui.",10/26/2023 6:09,Published
1322,5,Nunc mauris,a neque. Nullam ut nisi a odio semper cursus. Integer mollis. Integer tincidunt aliquam arcu. Aliquam ultrices iaculis odio.,1/29/2024 2:32,Published
1352,31,vel arcu.,"orci, in consequat enim diam vel arcu. Curabitur ut odio vel est tempor bibendum. Donec felis orci, adipiscing",10/14/2023 23:18,Draft
1157,38,Etiam ligula,id magna et ipsum cursus vestibulum. Mauris magna. Duis dignissim tempor arcu. Vestibulum ut eros non,5/17/2023 12:06,Published
1230,28,neque. Nullam,"semper auctor. Mauris vel turpis. Aliquam adipiscing lobortis risus. In mi pede, nonummy ut, molestie",9/14/2023 12:51,Published
1370,25,"eu, ultrices","metus. In lorem. Donec elementum, lorem ut aliquam iaculis, lacus pede sagittis augue, eu tempor erat neque non quam. Pellentesque habitant morbi",1/19/2024 9:45,Draft
1220,12,eu arcu.,"in, cursus et, eros. Proin ultrices. Duis volutpat nunc sit amet",10/15/2023 7:51,Draft
1045,12,ante. Maecenas,eros. Nam consequat dolor vitae dolor. Donec fringilla. Donec feugiat metus sit amet ante. Vivamus non lorem vitae odio sagittis semper.,11/10/2023 7:48,Draft
1083,15,libero nec,"massa. Integer vitae nibh. Donec est mauris, rhoncus id, mollis nec, cursus a,",7/6/2023 16:41,Draft
1243,22,"aliquam iaculis,",est. Mauris eu turpis. Nulla aliquet. Proin velit. Sed malesuada augue ut lacus. Nulla,11/25/2023 4:25,Published
1275,13,"convallis in,","mi. Aliquam gravida mauris ut mi. Duis risus odio, auctor vitae, aliquet nec, imperdiet nec, leo. Morbi neque tellus,",11/7/2023 20:53,Draft
1370,35,scelerisque scelerisque,"amet metus. Aliquam erat volutpat. Nulla facilisis. Suspendisse commodo tincidunt nibh. Phasellus nulla. Integer vulputate,",12/7/2023 1:24,Draft
1244,19,"molestie in,","neque sed dictum eleifend, nunc risus varius orci, in consequat enim diam vel arcu. Curabitur ut odio vel est tempor",4/28/2024 3:20,Draft
1327,22,et ultrices,"est tempor bibendum. Donec felis orci, adipiscing non, luctus sit amet, faucibus ut, nulla. Cras eu",4/21/2024 23:30,Draft
1374,37,ultricies dignissim,"Donec tempor, est ac mattis semper, dui lectus rutrum urna, nec luctus felis purus ac tellus. Suspendisse sed dolor. Fusce",5/21/2023 17:02,Draft
1372,24,"dolor, tempus","sagittis felis. Donec tempor, est ac mattis semper, dui lectus rutrum urna, nec luctus",2/10/2024 11:29,Draft
1165,10,"consequat, lectus",magna. Duis dignissim tempor arcu. Vestibulum ut eros non enim commodo hendrerit.,10/30/2023 0:37,Draft
1198,24,sodales elit,vitae diam. Proin dolor. Nulla semper tellus id nunc interdum feugiat. Sed nec,4/3/2024 23:59,Published
1278,36,Nullam nisl.,"lectus quis massa. Mauris vestibulum, neque sed dictum eleifend, nunc risus varius orci, in consequat enim diam vel arcu. Curabitur ut odio",10/5/2023 4:52,Draft
1027,21,"mauris elit,","ipsum. Phasellus vitae mauris sit amet lorem semper auctor. Mauris vel turpis. Aliquam adipiscing lobortis risus. In mi pede,",12/16/2023 17:40,Published
1250,28,semper tellus,"Nunc mauris elit, dictum eu, eleifend nec, malesuada ut, sem. Nulla interdum. Curabitur dictum. Phasellus",1/16/2024 18:55,Draft
1380,14,erat eget,"Nunc ut erat. Sed nunc est, mollis non, cursus non, egestas a, dui. Cras pellentesque. Sed dictum. Proin eget odio. Aliquam",2/10/2024 0:56,Draft
1304,7,"non, egestas","aptent taciti sociosqu ad litora torquent per conubia nostra, per inceptos hymenaeos. Mauris ut quam vel sapien",2/7/2024 22:08,Draft
1105,10,orci quis,"euismod in, dolor. Fusce feugiat. Lorem ipsum dolor sit amet, consectetuer adipiscing elit.",12/29/2023 5:36,Published
1237,35,porttitor tellus,"tempus non, lacinia at, iaculis quis, pede. Praesent eu dui. Cum sociis natoque penatibus et magnis dis",1/6/2024 6:09,Published
1058,30,lacus. Mauris,"suscipit, est ac facilisis facilisis, magna tellus faucibus leo, in lobortis tellus justo sit amet nulla. Donec non",11/20/2023 4:21,Published
1044,21,sit amet,"Sed nulla ante, iaculis nec, eleifend non, dapibus rutrum, justo. Praesent luctus. Curabitur egestas nunc sed libero. Proin sed turpis nec",11/3/2023 20:48,Draft
1215,2,"posuere vulputate,","Duis a mi fringilla mi lacinia mattis. Integer eu lacus. Quisque imperdiet, erat nonummy ultricies ornare, elit elit",4/14/2024 15:34,Published
1014,13,"ullamcorper eu,","elit elit fermentum risus, at fringilla purus mauris a nunc. In at pede. Cras vulputate",3/30/2024 17:56,Published
1174,24,risus quis,"nec, diam. Duis mi enim, condimentum eget, volutpat ornare, facilisis eget, ipsum. Donec sollicitudin adipiscing",2/15/2024 19:27,Published
1013,12,libero. Donec,"fermentum metus. Aenean sed pede nec ante blandit viverra. Donec tempus, lorem fringilla ornare placerat, orci lacus",3/3/2024 17:04,Draft
1086,19,"aliquam, enim",sed libero. Proin sed turpis nec mauris blandit mattis. Cras eget nisi dictum augue malesuada malesuada. Integer id magna et ipsum cursus vestibulum. Mauris,7/18/2023 0:04,Published
1127,31,sit amet,"sed dui. Fusce aliquam, enim nec tempus scelerisque, lorem ipsum sodales purus, in molestie",4/26/2024 21:58,Published
1336,31,fringilla mi,"auctor. Mauris vel turpis. Aliquam adipiscing lobortis risus. In mi pede, nonummy ut, molestie",6/19/2023 0:03,Draft
1187,17,aliquet. Phasellus,"est, congue a, aliquet vel, vulputate eu, odio. Phasellus at augue id ante dictum cursus. Nunc mauris elit, dictum",11/23/2023 15:56,Published
1362,16,"montes, nascetur","montes, nascetur ridiculus mus. Donec dignissim magna a tortor. Nunc commodo auctor",9/21/2023 4:52,Draft
1138,9,sapien molestie,"diam luctus lobortis. Class aptent taciti sociosqu ad litora torquent per conubia nostra, per inceptos hymenaeos. Mauris ut quam",2/4/2024 6:23,Published
1298,3,"semper erat,","Morbi accumsan laoreet ipsum. Curabitur consequat, lectus sit amet luctus vulputate, nisi sem semper",12/14/2023 18:00,Published
1178,5,lectus quis,"Donec tempus, lorem fringilla ornare placerat, orci lacus vestibulum lorem, sit",3/6/2024 5:41,Published
1208,14,non massa,mattis. Cras eget nisi dictum augue malesuada malesuada. Integer id magna et ipsum cursus vestibulum. Mauris magna. Duis dignissim tempor arcu. Vestibulum ut,8/23/2023 1:50,Draft
1391,26,libero. Integer,"justo nec ante. Maecenas mi felis, adipiscing fringilla, porttitor vulputate, posuere vulputate, lacus. Cras interdum. Nunc",12/5/2023 3:37,Draft
1175,22,"Curabitur consequat,","non, dapibus rutrum, justo. Praesent luctus. Curabitur egestas nunc sed libero. Proin sed turpis nec mauris blandit mattis. Cras eget nisi dictum augue malesuada malesuada.",3/30/2024 3:51,Published
1322,21,tincidunt vehicula,"nulla vulputate dui, nec tempus mauris erat eget ipsum. Suspendisse sagittis. Nullam vitae diam. Proin dolor. Nulla semper tellus id nunc interdum feugiat.",6/24/2023 14:47,Draft
1220,5,ornare egestas,eros. Nam consequat dolor vitae dolor. Donec fringilla. Donec feugiat metus sit amet ante. Vivamus non lorem vitae odio sagittis semper.,5/30/2023 13:47,Published
1275,31,"sem, consequat",eros. Nam consequat dolor vitae dolor. Donec fringilla. Donec feugiat metus sit amet ante. Vivamus non lorem vitae odio sagittis semper. Nam tempor diam,5/10/2023 18:39,Draft
1299,13,"aliquet lobortis,","risus a ultricies adipiscing, enim mi tempor lorem, eget mollis lectus pede et risus. Quisque libero lacus, varius et, euismod et, commodo",1/9/2024 16:11,Published
1058,26,"at, nisi.","fermentum metus. Aenean sed pede nec ante blandit viverra. Donec tempus, lorem fringilla ornare placerat, orci lacus",11/23/2023 11:44,Draft
1363,18,Vestibulum ut,"a, dui. Cras pellentesque. Sed dictum. Proin eget odio. Aliquam vulputate ullamcorper magna. Sed eu eros. Nam consequat dolor vitae dolor. Donec fringilla. Donec",1/2/2024 18:37,Draft
1188,5,metus facilisis,"sodales at, velit. Pellentesque ultricies dignissim lacus. Aliquam rutrum lorem ac risus. Morbi metus. Vivamus euismod urna. Nullam lobortis quam a felis ullamcorper viverra. Maecenas",3/24/2024 7:09,Published
1093,4,sapien molestie,"Suspendisse commodo tincidunt nibh. Phasellus nulla. Integer vulputate, risus a ultricies adipiscing, enim mi tempor lorem, eget mollis lectus",11/19/2023 12:14,Published
1119,11,gravida sit,"tempor, est ac mattis semper, dui lectus rutrum urna, nec luctus felis purus ac tellus. Suspendisse sed dolor.",12/7/2023 2:35,Published
1214,16,vestibulum. Mauris,"porttitor vulputate, posuere vulputate, lacus. Cras interdum. Nunc sollicitudin commodo ipsum.",3/14/2024 10:26,Draft
1128,37,nibh lacinia,"tempus scelerisque, lorem ipsum sodales purus, in molestie tortor nibh sit amet orci.",12/11/2023 12:58,Published
1070,28,"tellus, imperdiet",Vivamus molestie dapibus ligula. Aliquam erat volutpat. Nulla dignissim. Maecenas ornare egestas ligula. Nullam feugiat placerat velit. Quisque,1/23/2024 10:11,Draft
1398,25,non dui,"ullamcorper, velit in aliquet lobortis, nisi nibh lacinia orci, consectetuer euismod est arcu ac orci. Ut semper",12/20/2023 19:46,Draft
1383,31,semper pretium,"ipsum. Donec sollicitudin adipiscing ligula. Aenean gravida nunc sed pede. Cum sociis natoque penatibus et magnis dis parturient montes, nascetur ridiculus mus. Proin vel arcu",11/25/2023 21:55,Draft
1024,9,"mi lorem,","orci, adipiscing non, luctus sit amet, faucibus ut, nulla. Cras eu tellus eu augue porttitor interdum. Sed",12/14/2023 18:49,Draft
1133,27,aliquam adipiscing,"Ut tincidunt vehicula risus. Nulla eget metus eu erat semper rutrum. Fusce dolor quam, elementum at, egestas",9/19/2023 9:11,Draft
1177,35,vel arcu,"orci lobortis augue scelerisque mollis. Phasellus libero mauris, aliquam eu, accumsan sed, facilisis",1/22/2024 17:28,Published
1035,6,"vulputate, lacus.","quis, tristique ac, eleifend vitae, erat. Vivamus nisi. Mauris nulla. Integer urna.",6/17/2023 14:31,Draft
1385,38,Etiam imperdiet,"Maecenas libero est, congue a, aliquet vel, vulputate eu, odio. Phasellus",9/7/2023 8:40,Published
1097,17,"laoreet, libero","metus sit amet ante. Vivamus non lorem vitae odio sagittis semper. Nam tempor diam dictum sapien. Aenean massa. Integer vitae nibh. Donec est mauris,",6/10/2023 18:44,Published
1170,24,"vel, venenatis","orci quis lectus. Nullam suscipit, est ac facilisis facilisis, magna tellus faucibus leo, in",11/1/2023 12:54,Draft
1001,34,dui nec,"dolor egestas rhoncus. Proin nisl sem, consequat nec, mollis vitae, posuere at, velit.",2/2/2024 11:33,Published
1199,9,"enim, sit","mattis velit justo nec ante. Maecenas mi felis, adipiscing fringilla, porttitor vulputate, posuere vulputate, lacus. Cras interdum.",7/30/2023 12:13,Published
1131,32,lectus. Nullam,tortor nibh sit amet orci. Ut sagittis lobortis mauris. Suspendisse aliquet molestie tellus. Aenean egestas hendrerit neque. In ornare sagittis felis. Donec,12/14/2023 4:45,Draft
1169,14,eu erat,"scelerisque neque. Nullam nisl. Maecenas malesuada fringilla est. Mauris eu turpis. Nulla aliquet. Proin velit. Sed malesuada augue ut lacus. Nulla tincidunt,",11/28/2023 22:00,Draft
1242,36,Nunc sed,"euismod enim. Etiam gravida molestie arcu. Sed eu nibh vulputate mauris sagittis placerat. Cras dictum ultricies ligula. Nullam enim. Sed nulla ante,",6/16/2023 15:27,Published
1131,24,"a, auctor","pede. Cras vulputate velit eu sem. Pellentesque ut ipsum ac mi eleifend egestas. Sed pharetra,",4/10/2024 0:52,Draft
1382,28,justo. Proin,"Nunc commodo auctor velit. Aliquam nisl. Nulla eu neque pellentesque massa lobortis ultrices. Vivamus rhoncus. Donec est. Nunc ullamcorper, velit",8/25/2023 22:43,Draft
1176,26,"vel, mauris.",mattis. Cras eget nisi dictum augue malesuada malesuada. Integer id magna et ipsum cursus vestibulum. Mauris magna. Duis dignissim,7/10/2023 7:47,Published
1280,17,libero. Proin,a odio semper cursus. Integer mollis. Integer tincidunt aliquam arcu. Aliquam ultrices iaculis odio. Nam interdum enim non nisi. Aenean eget metus. In nec orci.,4/12/2024 13:55,Published
1173,12,Donec est,"Suspendisse non leo. Vivamus nibh dolor, nonummy ac, feugiat non, lobortis quis, pede. Suspendisse dui. Fusce diam nunc, ullamcorper",6/7/2023 4:28,Published
1159,15,et risus.,"eget metus eu erat semper rutrum. Fusce dolor quam, elementum at, egestas a,",8/3/2023 5:35,Published
1289,7,nec luctus,"dapibus gravida. Aliquam tincidunt, nunc ac mattis ornare, lectus ante dictum mi, ac mattis velit justo nec ante. Maecenas mi",5/11/2023 9:22,Draft
1139,24,pharetra. Quisque,"nisi magna sed dui. Fusce aliquam, enim nec tempus scelerisque, lorem ipsum sodales purus,",5/26/2023 1:12,Published
1165,1,eget tincidunt,"id, blandit at, nisi. Cum sociis natoque penatibus et magnis dis",9/26/2023 9:58,Published
1391,24,"enim, sit","Nunc sollicitudin commodo ipsum. Suspendisse non leo. Vivamus nibh dolor, nonummy ac, feugiat non, lobortis quis, pede. Suspendisse dui. Fusce diam nunc, ullamcorper eu,",5/21/2023 23:36,Published
1243,23,Cum sociis,enim. Etiam gravida molestie arcu. Sed eu nibh vulputate mauris sagittis placerat. Cras,1/6/2024 16:09,Published
1277,4,Nulla facilisi.,"porttitor interdum. Sed auctor odio a purus. Duis elementum, dui quis",2/26/2024 13:17,Draft
1021,24,"Etiam laoreet,",sit amet orci. Ut sagittis lobortis mauris. Suspendisse aliquet molestie,8/12/2023 23:37,Published
1397,10,metus. Vivamus,Maecenas ornare egestas ligula. Nullam feugiat placerat velit. Quisque varius. Nam porttitor,11/21/2023 20:24,Published
1177,22,nascetur ridiculus,"augue ut lacus. Nulla tincidunt, neque vitae semper egestas, urna justo faucibus",9/22/2023 23:30,Published
1250,8,viverra. Maecenas,"rutrum eu, ultrices sit amet, risus. Donec nibh enim, gravida sit amet, dapibus id, blandit at, nisi. Cum sociis",12/11/2023 15:50,Published
1083,8,quam. Curabitur,"cursus in, hendrerit consectetuer, cursus et, magna. Praesent interdum ligula eu enim.",2/18/2024 4:48,Published
1375,29,"dui, semper","urna et arcu imperdiet ullamcorper. Duis at lacus. Quisque purus sapien, gravida",9/6/2023 3:22,Draft
1246,6,id ante,"egestas a, scelerisque sed, sapien. Nunc pulvinar arcu et pede. Nunc sed orci lobortis augue scelerisque mollis. Phasellus libero",7/2/2023 9:34,Published
1323,1,iaculis odio.,"et, lacinia vitae, sodales at, velit. Pellentesque ultricies dignissim lacus.",8/13/2023 6:52,Draft
1327,36,"et, euismod",eget nisi dictum augue malesuada malesuada. Integer id magna et ipsum cursus vestibulum. Mauris,6/4/2023 17:39,Published
1262,3,a purus.,"interdum. Nunc sollicitudin commodo ipsum. Suspendisse non leo. Vivamus nibh dolor, nonummy ac, feugiat non, lobortis",5/8/2023 13:47,Draft
1100,4,molestie tellus.,"amet, faucibus ut, nulla. Cras eu tellus eu augue porttitor interdum. Sed",11/15/2023 23:55,Published
1089,18,nec luctus,"tempor lorem, eget mollis lectus pede et risus. Quisque libero lacus, varius et, euismod et, commodo at,",2/10/2024 20:28,Published
1128,15,"vulputate, nisi",lacus. Mauris non dui nec urna suscipit nonummy. Fusce fermentum fermentum arcu. Vestibulum ante,2/20/2024 4:39,Draft
1137,32,Donec fringilla.,magna. Sed eu eros. Nam consequat dolor vitae dolor. Donec fringilla. Donec feugiat metus sit amet ante. Vivamus non lorem,2/14/2024 20:43,Draft
1129,36,"non, cursus","sollicitudin a, malesuada id, erat. Etiam vestibulum massa rutrum magna. Cras convallis",2/9/2024 18:32,Draft
1033,33,"mauris, rhoncus","faucibus leo, in lobortis tellus justo sit amet nulla. Donec",10/16/2023 21:59,Published
1178,12,ante lectus,vitae dolor. Donec fringilla. Donec feugiat metus sit amet ante. Vivamus non lorem,3/21/2024 20:13,Draft
1143,27,Donec tincidunt.,diam. Pellentesque habitant morbi tristique senectus et netus et malesuada fames ac turpis egestas. Fusce aliquet magna a neque. Nullam ut nisi a odio,9/14/2023 14:40,Draft
1349,18,eu odio,"purus. Nullam scelerisque neque sed sem egestas blandit. Nam nulla magna, malesuada vel, convallis in, cursus et, eros. Proin ultrices. Duis volutpat nunc sit",2/4/2024 4:47,Draft
1329,26,ipsum non,orci. Phasellus dapibus quam quis diam. Pellentesque habitant morbi tristique senectus et netus et malesuada fames ac turpis egestas.,11/18/2023 20:12,Draft
1246,15,magna. Cras,"magna. Nam ligula elit, pretium et, rutrum non, hendrerit id, ante. Nunc mauris sapien, cursus in, hendrerit consectetuer,",10/16/2023 16:59,Published
1363,24,enim non,Aenean gravida nunc sed pede. Cum sociis natoque penatibus et magnis dis,9/6/2023 1:39,Draft
1247,35,Donec vitae,risus. Morbi metus. Vivamus euismod urna. Nullam lobortis quam a felis ullamcorper,5/24/2023 14:34,Published
1119,23,diam. Proin,odio semper cursus. Integer mollis. Integer tincidunt aliquam arcu. Aliquam ultrices iaculis odio. Nam interdum enim non nisi. Aenean eget,2/4/2024 23:56,Draft
1191,9,"semper et,","ligula. Donec luctus aliquet odio. Etiam ligula tortor, dictum eu, placerat eget, venenatis a, magna. Lorem ipsum dolor sit amet, consectetuer adipiscing elit. Etiam",3/30/2024 11:05,Draft
1205,19,"et, lacinia","enim, gravida sit amet, dapibus id, blandit at, nisi. Cum sociis natoque penatibus et magnis dis parturient montes, nascetur ridiculus mus. Proin vel nisl.",4/23/2024 6:27,Published
1212,30,"sollicitudin a,","lobortis, nisi nibh lacinia orci, consectetuer euismod est arcu ac orci. Ut semper pretium neque. Morbi quis urna. Nunc",5/22/2023 1:38,Draft
1115,34,"dui, in","fermentum metus. Aenean sed pede nec ante blandit viverra. Donec tempus, lorem fringilla ornare placerat, orci",12/17/2023 17:08,Draft
1388,12,"diam nunc,","sem mollis dui, in sodales elit erat vitae risus. Duis a mi",6/19/2023 6:32,Published
1390,34,scelerisque scelerisque,"metus. In lorem. Donec elementum, lorem ut aliquam iaculis, lacus pede sagittis augue, eu tempor erat neque non quam. Pellentesque habitant morbi",3/26/2024 11:30,Draft
1215,19,Donec dignissim,"Maecenas mi felis, adipiscing fringilla, porttitor vulputate, posuere vulputate, lacus. Cras interdum. Nunc sollicitudin commodo ipsum. Suspendisse",7/27/2023 16:16,Draft
1082,30,"mi enim,","elit fermentum risus, at fringilla purus mauris a nunc. In at",8/26/2023 14:37,Draft
1003,26,"urna, nec",consectetuer adipiscing elit. Curabitur sed tortor. Integer aliquam adipiscing lacus. Ut,12/13/2023 6:33,Draft
1238,38,risus. Donec,"a, auctor non, feugiat nec, diam. Duis mi enim, condimentum eget, volutpat ornare, facilisis eget, ipsum. Donec sollicitudin adipiscing ligula. Aenean",9/21/2023 9:27,Draft
1148,21,dolor dapibus,"Donec est mauris, rhoncus id, mollis nec, cursus a, enim. Suspendisse aliquet, sem ut cursus luctus, ipsum leo",11/20/2023 21:45,Published
1390,22,eget lacus.,"a, enim. Suspendisse aliquet, sem ut cursus luctus, ipsum leo elementum sem, vitae aliquam eros turpis non enim. Mauris quis",6/3/2023 22:50,Published
1018,14,et malesuada,Mauris ut quam vel sapien imperdiet ornare. In faucibus. Morbi vehicula. Pellentesque tincidunt tempus risus. Donec egestas. Duis ac arcu. Nunc mauris.,6/9/2023 5:36,Draft
1300,24,pellentesque massa,"Sed id risus quis diam luctus lobortis. Class aptent taciti sociosqu ad litora torquent per conubia nostra, per inceptos hymenaeos. Mauris",7/8/2023 0:35,Draft
1176,19,"ornare placerat,",in felis. Nulla tempor augue ac ipsum. Phasellus vitae mauris sit amet lorem semper auctor.,2/15/2024 18:52,Published
1098,37,"convallis, ante","ante dictum cursus. Nunc mauris elit, dictum eu, eleifend nec, malesuada ut, sem. Nulla interdum. Curabitur dictum. Phasellus in felis. Nulla",10/30/2023 20:14,Published
1381,5,Cras eget,pretium neque. Morbi quis urna. Nunc quis arcu vel quam dignissim pharetra. Nam ac,5/27/2023 7:25,Published
1259,36,"posuere, enim",ipsum primis in faucibus orci luctus et ultrices posuere cubilia,9/25/2023 0:43,Published
1209,28,neque. Sed,"id, erat. Etiam vestibulum massa rutrum magna. Cras convallis convallis dolor. Quisque tincidunt pede",6/29/2023 22:03,Draft
1362,22,"sit amet,","pede, nonummy ut, molestie in, tempus eu, ligula. Aenean euismod mauris eu elit. Nulla facilisi. Sed neque. Sed eget",2/5/2024 3:00,Published
1339,3,pede nec,"ac ipsum. Phasellus vitae mauris sit amet lorem semper auctor. Mauris vel turpis. Aliquam adipiscing lobortis risus. In mi pede, nonummy ut, molestie",12/18/2023 7:38,Published
1135,3,Nulla facilisis.,Nullam lobortis quam a felis ullamcorper viverra. Maecenas iaculis aliquet diam. Sed,2/11/2024 9:16,Draft
1033,4,magna. Sed,erat volutpat. Nulla dignissim. Maecenas ornare egestas ligula. Nullam feugiat placerat velit. Quisque varius. Nam porttitor scelerisque neque.,5/1/2024 20:25,Published
1146,18,non enim,"commodo at, libero. Morbi accumsan laoreet ipsum. Curabitur consequat, lectus sit",10/31/2023 13:59,Published
1163,34,Nunc lectus,Sed nec metus facilisis lorem tristique aliquet. Phasellus fermentum convallis ligula. Donec luctus aliquet odio. Etiam,1/10/2024 1:04,Published
1215,6,Nulla tempor,"Cras lorem lorem, luctus ut, pellentesque eget, dictum placerat, augue. Sed molestie. Sed id risus quis diam luctus lobortis. Class aptent taciti sociosqu ad",11/24/2023 16:31,Published
1139,6,tellus lorem,"tristique pharetra. Quisque ac libero nec ligula consectetuer rhoncus. Nullam velit dui, semper et, lacinia",4/1/2024 5:50,Draft
1382,31,"elit, pharetra",Nulla interdum. Curabitur dictum. Phasellus in felis. Nulla tempor augue ac ipsum. Phasellus vitae mauris sit amet lorem semper auctor.,9/13/2023 13:38,Draft
1048,2,lacus pede,"tempor, est ac mattis semper, dui lectus rutrum urna, nec luctus felis purus ac tellus.",5/6/2023 13:31,Published
1247,28,Curabitur egestas,"Nunc ac sem ut dolor dapibus gravida. Aliquam tincidunt, nunc ac mattis ornare, lectus",7/10/2023 9:34,Draft
1008,3,"amet, consectetuer","consectetuer mauris id sapien. Cras dolor dolor, tempus non, lacinia at,",6/21/2023 16:36,Draft
1290,35,Etiam bibendum,"pellentesque a, facilisis non, bibendum sed, est. Nunc laoreet lectus quis massa. Mauris vestibulum, neque sed dictum eleifend,",11/26/2023 23:02,Draft
1104,18,consectetuer adipiscing,eu elit. Nulla facilisi. Sed neque. Sed eget lacus. Mauris non dui nec urna suscipit nonummy. Fusce fermentum fermentum arcu. Vestibulum ante ipsum primis in,6/10/2023 3:45,Draft
1144,19,Ut nec,"amet risus. Donec egestas. Aliquam nec enim. Nunc ut erat. Sed nunc est, mollis non, cursus non, egestas a, dui. Cras pellentesque.",12/1/2023 0:15,Draft
1073,3,sit amet,"parturient montes, nascetur ridiculus mus. Proin vel arcu eu odio tristique pharetra. Quisque ac libero nec ligula",12/2/2023 19:07,Draft
1131,4,vulputate ullamcorper,"Duis elementum, dui quis accumsan convallis, ante lectus convallis est, vitae sodales nisi magna sed dui. Fusce",1/4/2024 0:19,Published
1108,9,semper pretium,in lobortis tellus justo sit amet nulla. Donec non justo. Proin non massa non,2/12/2024 3:17,Published
1083,8,"risus, at","adipiscing lacus. Ut nec urna et arcu imperdiet ullamcorper. Duis at lacus. Quisque purus sapien, gravida non, sollicitudin a, malesuada",9/4/2023 9:28,Draft
1245,2,arcu. Aliquam,"magna nec quam. Curabitur vel lectus. Cum sociis natoque penatibus et magnis dis parturient montes, nascetur ridiculus mus. Donec",8/5/2023 5:23,Published
1007,32,molestie. Sed,"Nunc ut erat. Sed nunc est, mollis non, cursus non, egestas a, dui. Cras pellentesque. Sed dictum. Proin",8/13/2023 7:12,Draft
1293,9,Ut tincidunt,Aliquam erat volutpat. Nulla dignissim. Maecenas ornare egestas ligula. Nullam feugiat placerat,1/23/2024 14:40,Draft
1130,34,"sem elit,","elit elit fermentum risus, at fringilla purus mauris a nunc. In at pede. Cras vulputate velit",6/8/2023 12:55,Draft
1009,2,adipiscing lacus.,"erat, eget tincidunt dui augue eu tellus. Phasellus elit pede, malesuada vel, venenatis vel,",1/24/2024 13:28,Published
1144,4,nulla. In,eget nisi dictum augue malesuada malesuada. Integer id magna et ipsum,2/19/2024 5:00,Draft
1346,15,"varius et,",mauris blandit mattis. Cras eget nisi dictum augue malesuada malesuada. Integer id magna et,9/19/2023 21:55,Published
1025,25,amet risus.,"suscipit, est ac facilisis facilisis, magna tellus faucibus leo, in lobortis tellus",5/29/2023 15:42,Draft
1220,38,"purus, in","libero. Proin mi. Aliquam gravida mauris ut mi. Duis risus odio, auctor vitae, aliquet nec, imperdiet",8/29/2023 6:49,Published
1358,10,commodo auctor,"Donec est mauris, rhoncus id, mollis nec, cursus a, enim. Suspendisse aliquet, sem ut",10/19/2023 11:20,Draft
1160,9,in magna.,"Maecenas iaculis aliquet diam. Sed diam lorem, auctor quis, tristique ac, eleifend vitae, erat. Vivamus nisi. Mauris nulla. Integer urna. Vivamus",9/11/2023 20:49,Draft
1316,18,"in, dolor.","parturient montes, nascetur ridiculus mus. Proin vel nisl. Quisque fringilla euismod enim. Etiam gravida molestie arcu. Sed eu nibh vulputate mauris sagittis",4/12/2024 20:01,Published
1168,13,lectus sit,dolor vitae dolor. Donec fringilla. Donec feugiat metus sit amet ante. Vivamus non lorem vitae odio sagittis semper. Nam tempor diam,2/16/2024 11:57,Published
1282,21,non dui,habitant morbi tristique senectus et netus et malesuada fames ac turpis egestas. Aliquam fringilla cursus purus. Nullam,10/16/2023 16:32,Published
1293,27,arcu. Vestibulum,"ipsum dolor sit amet, consectetuer adipiscing elit. Aliquam auctor, velit eget laoreet posuere, enim nisl elementum",9/2/2023 3:46,Published
1205,19,"mollis vitae,","libero nec ligula consectetuer rhoncus. Nullam velit dui, semper et, lacinia vitae, sodales at, velit. Pellentesque ultricies dignissim lacus. Aliquam rutrum lorem ac risus.",12/3/2023 14:03,Published
1117,38,Integer sem,"non ante bibendum ullamcorper. Duis cursus, diam at pretium aliquet, metus urna convallis",5/10/2023 22:08,Published
1098,32,natoque penatibus,"placerat eget, venenatis a, magna. Lorem ipsum dolor sit amet, consectetuer adipiscing elit. Etiam laoreet, libero et tristique pellentesque, tellus",9/19/2023 13:02,Draft
1112,24,"vehicula et,","scelerisque dui. Suspendisse ac metus vitae velit egestas lacinia. Sed congue, elit sed consequat auctor, nunc nulla vulputate dui, nec tempus mauris erat eget ipsum.",10/2/2023 10:07,Published
1149,12,consequat purus.,tincidunt tempus risus. Donec egestas. Duis ac arcu. Nunc mauris. Morbi non sapien molestie orci,12/28/2023 11:17,Published
1059,2,imperdiet ornare.,"semper rutrum. Fusce dolor quam, elementum at, egestas a, scelerisque sed, sapien. Nunc pulvinar arcu et pede. Nunc sed orci lobortis augue scelerisque mollis. Phasellus",5/1/2024 15:50,Draft
1371,15,Ut tincidunt,"auctor vitae, aliquet nec, imperdiet nec, leo. Morbi neque tellus, imperdiet non, vestibulum nec, euismod in, dolor. Fusce feugiat. Lorem ipsum dolor",2/11/2024 8:17,Draft
1012,13,"non, dapibus","est mauris, rhoncus id, mollis nec, cursus a, enim. Suspendisse aliquet, sem ut cursus luctus, ipsum leo",5/30/2023 3:58,Draft
1160,28,aliquet diam.,"magna, malesuada vel, convallis in, cursus et, eros. Proin ultrices. Duis volutpat nunc sit amet metus. Aliquam erat",11/30/2023 12:04,Published
1287,2,eu turpis.,"molestie. Sed id risus quis diam luctus lobortis. Class aptent taciti sociosqu ad litora torquent per conubia nostra, per inceptos hymenaeos. Mauris ut",4/11/2024 5:31,Published
1351,25,dolor. Quisque,Mauris nulla. Integer urna. Vivamus molestie dapibus ligula. Aliquam erat volutpat. Nulla dignissim. Maecenas ornare egestas ligula.,6/29/2023 1:42,Draft
1096,3,pede. Cras,"eu dui. Cum sociis natoque penatibus et magnis dis parturient montes, nascetur ridiculus mus.",8/22/2023 19:39,Published
1359,34,nisi nibh,"volutpat nunc sit amet metus. Aliquam erat volutpat. Nulla facilisis. Suspendisse commodo tincidunt nibh. Phasellus nulla. Integer vulputate, risus a ultricies adipiscing,",1/20/2024 13:51,Published
1352,35,interdum ligula,"molestie in, tempus eu, ligula. Aenean euismod mauris eu elit. Nulla facilisi. Sed neque. Sed eget lacus. Mauris non dui nec urna suscipit",7/30/2023 13:42,Draft
1020,6,Etiam gravida,"enim. Nunc ut erat. Sed nunc est, mollis non, cursus non, egestas a, dui. Cras pellentesque. Sed dictum. Proin eget",8/26/2023 5:17,Published
1026,3,commodo hendrerit.,"ligula. Nullam enim. Sed nulla ante, iaculis nec, eleifend non, dapibus rutrum,",5/25/2023 10:58,Published
1225,25,nonummy. Fusce,"dictum ultricies ligula. Nullam enim. Sed nulla ante, iaculis nec, eleifend non, dapibus rutrum, justo.",1/4/2024 11:40,Draft
1400,20,lorem ipsum,Fusce fermentum fermentum arcu. Vestibulum ante ipsum primis in faucibus orci luctus et ultrices posuere,9/18/2023 19:25,Published
1308,5,lorem fringilla,sem. Nulla interdum. Curabitur dictum. Phasellus in felis. Nulla tempor augue,12/29/2023 14:13,Published
1178,34,lorem fringilla,Nunc commodo auctor velit. Aliquam nisl. Nulla eu neque pellentesque massa lobortis ultrices. Vivamus rhoncus. Donec est. Nunc,6/7/2023 3:00,Draft
1082,24,"Suspendisse aliquet,","arcu. Curabitur ut odio vel est tempor bibendum. Donec felis orci,",3/11/2024 11:00,Draft
1094,26,risus. Donec,"ullamcorper viverra. Maecenas iaculis aliquet diam. Sed diam lorem, auctor quis, tristique ac, eleifend vitae,",3/2/2024 1:39,Draft
1061,13,"sed, est.","vitae velit egestas lacinia. Sed congue, elit sed consequat auctor,",1/13/2024 10:25,Draft
1186,5,augue. Sed,"scelerisque neque sed sem egestas blandit. Nam nulla magna, malesuada vel, convallis in, cursus et, eros. Proin ultrices. Duis volutpat",3/8/2024 17:45,Draft
1057,36,enim mi,"pulvinar arcu et pede. Nunc sed orci lobortis augue scelerisque mollis. Phasellus libero mauris, aliquam eu, accumsan sed, facilisis",3/2/2024 3:00,Draft
1147,14,"libero mauris,","metus. Aenean sed pede nec ante blandit viverra. Donec tempus, lorem fringilla ornare placerat, orci lacus vestibulum lorem, sit amet ultricies sem magna nec",10/7/2023 11:29,Published
1196,14,eros nec,hymenaeos. Mauris ut quam vel sapien imperdiet ornare. In faucibus. Morbi vehicula. Pellentesque tincidunt tempus risus. Donec egestas. Duis ac,3/25/2024 19:31,Draft
1300,22,velit. Pellentesque,"amet, consectetuer adipiscing elit. Curabitur sed tortor. Integer aliquam adipiscing lacus.",8/15/2023 21:38,Draft
1005,21,eleifend egestas.,"Integer vitae nibh. Donec est mauris, rhoncus id, mollis nec, cursus a,",9/22/2023 3:06,Draft
1323,21,massa. Integer,nascetur ridiculus mus. Aenean eget magna. Suspendisse tristique neque venenatis lacus.,9/16/2023 16:47,Draft
1030,19,augue ac,"ipsum dolor sit amet, consectetuer adipiscing elit. Curabitur sed tortor. Integer aliquam adipiscing lacus. Ut nec urna et arcu imperdiet",8/10/2023 15:00,Draft
1023,28,gravida molestie,"sed sem egestas blandit. Nam nulla magna, malesuada vel, convallis",5/6/2023 23:29,Draft
1215,14,enim. Mauris,"amet, consectetuer adipiscing elit. Etiam laoreet, libero et tristique pellentesque, tellus sem mollis dui, in sodales elit erat vitae risus.",4/23/2024 15:17,Draft
1227,35,"consequat, lectus","egestas blandit. Nam nulla magna, malesuada vel, convallis in, cursus et,",5/10/2023 22:17,Draft
1045,3,rutrum. Fusce,"quis diam luctus lobortis. Class aptent taciti sociosqu ad litora torquent per conubia nostra, per inceptos hymenaeos. Mauris ut quam vel sapien imperdiet ornare.",12/27/2023 21:14,Published
1059,26,luctus et,"in, dolor. Fusce feugiat. Lorem ipsum dolor sit amet, consectetuer adipiscing elit. Aliquam auctor, velit eget laoreet posuere, enim nisl",12/10/2023 18:22,Published
1354,37,Proin nisl,"sed orci lobortis augue scelerisque mollis. Phasellus libero mauris, aliquam eu, accumsan sed, facilisis vitae, orci. Phasellus",6/4/2023 2:35,Published
1132,21,scelerisque neque,"orci lobortis augue scelerisque mollis. Phasellus libero mauris, aliquam eu, accumsan sed, facilisis vitae, orci. Phasellus",4/8/2024 17:49,Draft
1085,9,nulla. Cras,"est. Nunc laoreet lectus quis massa. Mauris vestibulum, neque sed dictum eleifend, nunc risus varius orci, in consequat enim diam vel",5/17/2023 5:54,Published
1178,15,odio a,"nibh. Donec est mauris, rhoncus id, mollis nec, cursus a, enim. Suspendisse aliquet, sem ut cursus luctus, ipsum leo elementum sem, vitae",5/16/2023 16:54,Published
1122,24,"nostra, per","placerat. Cras dictum ultricies ligula. Nullam enim. Sed nulla ante,",7/8/2023 14:00,Published
1127,21,per inceptos,"tellus. Suspendisse sed dolor. Fusce mi lorem, vehicula et, rutrum eu, ultrices sit amet, risus. Donec nibh enim, gravida sit",11/22/2023 5:33,Draft
1213,36,sed orci,"a feugiat tellus lorem eu metus. In lorem. Donec elementum, lorem ut aliquam iaculis, lacus pede",12/4/2023 0:11,Published
1143,36,blandit viverra.,"vitae velit egestas lacinia. Sed congue, elit sed consequat auctor, nunc nulla vulputate dui, nec tempus mauris",7/6/2023 16:42,Published
1000,17,"libero est,","sed, hendrerit a, arcu. Sed et libero. Proin mi. Aliquam gravida mauris ut mi. Duis risus odio, auctor vitae, aliquet nec, imperdiet nec,",6/10/2023 18:27,Draft
1287,11,massa non,"malesuada fringilla est. Mauris eu turpis. Nulla aliquet. Proin velit. Sed malesuada augue ut lacus. Nulla tincidunt, neque vitae semper egestas, urna",2/1/2024 2:08,Draft
1318,3,"cursus et,","vehicula aliquet libero. Integer in magna. Phasellus dolor elit, pellentesque a, facilisis non, bibendum sed, est. Nunc laoreet lectus quis massa. Mauris",6/24/2023 8:41,Draft
1006,27,Aenean euismod,"imperdiet ullamcorper. Duis at lacus. Quisque purus sapien, gravida non, sollicitudin a, malesuada id, erat. Etiam vestibulum massa rutrum magna. Cras convallis convallis",1/24/2024 4:17,Draft
1274,35,neque venenatis,in faucibus orci luctus et ultrices posuere cubilia Curae Donec tincidunt. Donec vitae erat vel pede blandit congue. In scelerisque scelerisque dui.,11/16/2023 21:58,Published
1188,22,"luctus, ipsum","nisi magna sed dui. Fusce aliquam, enim nec tempus scelerisque, lorem ipsum sodales purus, in molestie tortor nibh",2/7/2024 4:30,Published
1234,3,ac orci.,"Sed nunc est, mollis non, cursus non, egestas a, dui. Cras pellentesque. Sed dictum. Proin eget odio. Aliquam",8/23/2023 0:54,Published
1376,8,"est mauris,",In condimentum. Donec at arcu. Vestibulum ante ipsum primis in faucibus orci luctus et ultrices,9/30/2023 19:21,Published
1140,17,"tempor, est","non, feugiat nec, diam. Duis mi enim, condimentum eget, volutpat ornare, facilisis eget, ipsum. Donec sollicitudin adipiscing ligula. Aenean gravida nunc sed pede.",6/5/2023 7:01,Published
1216,20,semper. Nam,"imperdiet dictum magna. Ut tincidunt orci quis lectus. Nullam suscipit, est ac facilisis facilisis, magna tellus faucibus leo, in lobortis tellus",7/30/2023 18:29,Published
1329,13,tincidunt tempus,fringilla est. Mauris eu turpis. Nulla aliquet. Proin velit. Sed,1/11/2024 12:05,Published
1168,23,nec ipsum.,facilisi. Sed neque. Sed eget lacus. Mauris non dui nec urna suscipit nonummy. Fusce fermentum fermentum arcu. Vestibulum ante ipsum primis in faucibus orci,3/5/2024 19:18,Draft
1009,33,dis parturient,"Vivamus euismod urna. Nullam lobortis quam a felis ullamcorper viverra. Maecenas iaculis aliquet diam. Sed diam lorem, auctor quis, tristique ac,",11/18/2023 4:06,Draft
1027,30,eget ipsum.,"neque venenatis lacus. Etiam bibendum fermentum metus. Aenean sed pede nec ante blandit viverra. Donec tempus, lorem fringilla ornare placerat, orci lacus vestibulum lorem, sit",10/29/2023 19:35,Draft
1292,19,at augue,"odio tristique pharetra. Quisque ac libero nec ligula consectetuer rhoncus. Nullam velit dui, semper et, lacinia vitae, sodales at, velit. Pellentesque ultricies",7/14/2023 10:26,Draft
1119,26,tortor nibh,eget ipsum. Suspendisse sagittis. Nullam vitae diam. Proin dolor. Nulla semper tellus id nunc interdum feugiat. Sed nec metus,10/21/2023 10:56,Draft
1193,35,dolor dapibus,"dui. Fusce diam nunc, ullamcorper eu, euismod ac, fermentum vel, mauris. Integer sem elit, pharetra ut, pharetra sed, hendrerit a, arcu.",5/17/2023 3:03,Published
1261,17,lorem ipsum,velit. Aliquam nisl. Nulla eu neque pellentesque massa lobortis ultrices. Vivamus rhoncus. Donec est. Nunc,1/25/2024 23:06,Published
1382,30,"dolor, nonummy",a neque. Nullam ut nisi a odio semper cursus. Integer mollis. Integer tincidunt aliquam arcu. Aliquam ultrices iaculis,10/31/2023 1:17,Draft
1306,38,facilisis. Suspendisse,nulla. In tincidunt congue turpis. In condimentum. Donec at arcu. Vestibulum ante ipsum primis in faucibus orci,12/8/2023 0:16,Draft
1032,11,gravida mauris,"consequat purus. Maecenas libero est, congue a, aliquet vel, vulputate eu, odio. Phasellus at augue id ante dictum cursus. Nunc mauris",10/26/2023 7:38,Published
1042,38,Curabitur vel,nisi. Mauris nulla. Integer urna. Vivamus molestie dapibus ligula. Aliquam erat volutpat. Nulla dignissim. Maecenas ornare egestas ligula. Nullam,7/1/2023 6:32,Published
1099,5,"accumsan sed,","tellus faucibus leo, in lobortis tellus justo sit amet nulla. Donec non justo. Proin non massa non ante bibendum ullamcorper. Duis cursus, diam",12/7/2023 18:33,Published
1132,9,eget lacus.,"Donec egestas. Aliquam nec enim. Nunc ut erat. Sed nunc est, mollis non, cursus non, egestas a, dui. Cras pellentesque.",3/29/2024 2:30,Draft
1194,15,eu erat,dignissim pharetra. Nam ac nulla. In tincidunt congue turpis. In condimentum. Donec at arcu. Vestibulum ante ipsum primis,12/29/2023 19:01,Published
1184,38,"tincidunt, nunc","eu, ultrices sit amet, risus. Donec nibh enim, gravida sit amet, dapibus id,",9/29/2023 5:09,Published
1068,35,ipsum non,nec mauris blandit mattis. Cras eget nisi dictum augue malesuada malesuada. Integer id,2/7/2024 14:42,Draft
1053,20,"pharetra ut,","non, lacinia at, iaculis quis, pede. Praesent eu dui. Cum sociis natoque penatibus et",11/19/2023 10:45,Published
1140,14,tempor arcu.,dictum. Proin eget odio. Aliquam vulputate ullamcorper magna. Sed eu eros. Nam consequat dolor vitae,6/29/2023 10:59,Draft
1127,31,congue turpis.,"at, iaculis quis, pede. Praesent eu dui. Cum sociis natoque penatibus et magnis dis parturient montes, nascetur ridiculus mus. Aenean eget",12/3/2023 2:02,Draft
1259,4,nec metus,"malesuada augue ut lacus. Nulla tincidunt, neque vitae semper egestas, urna justo faucibus lectus, a",8/2/2023 21:14,Draft
1267,23,"dolor dolor,",nonummy ipsum non arcu. Vivamus sit amet risus. Donec egestas. Aliquam nec,1/12/2024 4:10,Draft
1300,9,"non, vestibulum","sociis natoque penatibus et magnis dis parturient montes, nascetur ridiculus mus. Proin vel nisl. Quisque fringilla euismod enim. Etiam gravida molestie arcu.",2/25/2024 11:09,Published
1009,30,"nec, mollis","tincidunt nibh. Phasellus nulla. Integer vulputate, risus a ultricies adipiscing, enim mi tempor lorem, eget mollis lectus pede",9/2/2023 3:10,Draft
1363,21,feugiat placerat,"sollicitudin adipiscing ligula. Aenean gravida nunc sed pede. Cum sociis natoque penatibus et magnis dis parturient montes, nascetur ridiculus mus. Proin",8/3/2023 5:59,Draft
1173,23,Nam interdum,"convallis erat, eget tincidunt dui augue eu tellus. Phasellus elit pede, malesuada vel, venenatis vel, faucibus id, libero. Donec consectetuer mauris id sapien.",4/2/2024 19:40,Draft
1132,29,Nullam feugiat,"luctus lobortis. Class aptent taciti sociosqu ad litora torquent per conubia nostra,",5/20/2023 11:01,Published
1239,23,elit. Etiam,"sem ut cursus luctus, ipsum leo elementum sem, vitae aliquam eros turpis non enim. Mauris quis turpis vitae purus gravida sagittis. Duis gravida.",5/8/2023 13:59,Published
1107,2,"mi, ac","vestibulum nec, euismod in, dolor. Fusce feugiat. Lorem ipsum dolor sit amet, consectetuer adipiscing elit. Aliquam auctor, velit eget laoreet posuere, enim",9/9/2023 3:42,Draft
1373,11,Mauris ut,"arcu. Curabitur ut odio vel est tempor bibendum. Donec felis orci, adipiscing non, luctus sit amet, faucibus",10/22/2023 14:49,Draft
1340,15,Morbi non,"Suspendisse aliquet molestie tellus. Aenean egestas hendrerit neque. In ornare sagittis felis. Donec tempor, est ac mattis semper, dui",12/5/2023 15:51,Draft
1014,32,"elit, pharetra","risus. In mi pede, nonummy ut, molestie in, tempus eu, ligula. Aenean euismod mauris eu elit. Nulla facilisi. Sed neque. Sed eget lacus.",12/11/2023 16:53,Published
1188,30,"at, libero.",ut eros non enim commodo hendrerit. Donec porttitor tellus non magna.,12/24/2023 21:19,Draft
1242,24,odio a,Donec dignissim magna a tortor. Nunc commodo auctor velit. Aliquam nisl. Nulla eu neque pellentesque massa lobortis,8/25/2023 3:20,Draft
1075,19,laoreet lectus,"arcu iaculis enim, sit amet ornare lectus justo eu arcu. Morbi sit amet",4/26/2024 0:04,Draft
1049,22,Fusce dolor,"nec, cursus a, enim. Suspendisse aliquet, sem ut cursus luctus, ipsum",12/3/2023 20:16,Published
1300,25,quam quis,"enim. Etiam imperdiet dictum magna. Ut tincidunt orci quis lectus. Nullam suscipit, est ac facilisis facilisis, magna",2/22/2024 14:18,Published
1145,4,"sit amet,","diam eu dolor egestas rhoncus. Proin nisl sem, consequat nec, mollis vitae, posuere at, velit. Cras",8/13/2023 8:13,Draft
1097,33,natoque penatibus,"blandit viverra. Donec tempus, lorem fringilla ornare placerat, orci lacus vestibulum lorem, sit amet ultricies sem",3/24/2024 18:10,Draft
1227,8,aliquet libero.,lobortis mauris. Suspendisse aliquet molestie tellus. Aenean egestas hendrerit neque. In ornare,8/12/2023 11:51,Draft
1235,38,lorem ac,"Proin non massa non ante bibendum ullamcorper. Duis cursus, diam at pretium aliquet, metus urna convallis erat, eget tincidunt dui augue eu tellus.",12/15/2023 18:03,Published
1105,8,lacus. Quisque,ornare lectus justo eu arcu. Morbi sit amet massa. Quisque porttitor,1/21/2024 6:35,Published
1039,30,nisi sem,"lectus justo eu arcu. Morbi sit amet massa. Quisque porttitor eros nec tellus. Nunc lectus pede, ultrices a, auctor non, feugiat nec, diam. Duis",12/7/2023 12:48,Published
1211,27,lacus. Ut,"Phasellus elit pede, malesuada vel, venenatis vel, faucibus id, libero. Donec consectetuer mauris id sapien. Cras dolor",7/23/2023 1:21,Published
1387,25,diam eu,"placerat eget, venenatis a, magna. Lorem ipsum dolor sit amet, consectetuer adipiscing elit. Etiam laoreet, libero et tristique pellentesque, tellus",2/25/2024 19:41,Published
1148,11,pede blandit,"tempus non, lacinia at, iaculis quis, pede. Praesent eu dui. Cum sociis natoque penatibus et magnis dis parturient montes, nascetur ridiculus mus. Aenean",3/11/2024 7:12,Published
1121,12,dignissim. Maecenas,Praesent luctus. Curabitur egestas nunc sed libero. Proin sed turpis nec mauris blandit mattis. Cras eget nisi dictum,4/30/2024 9:06,Draft
1111,19,"urna, nec","Cum sociis natoque penatibus et magnis dis parturient montes, nascetur ridiculus mus. Proin vel arcu",6/9/2023 20:21,Published
1171,23,vitae risus.,nascetur ridiculus mus. Proin vel arcu eu odio tristique pharetra. Quisque ac,10/10/2023 17:07,Published
1122,26,non magna.,"gravida mauris ut mi. Duis risus odio, auctor vitae, aliquet nec, imperdiet nec, leo. Morbi",5/22/2023 3:48,Published
1244,21,eu tellus.,ipsum. Donec sollicitudin adipiscing ligula. Aenean gravida nunc sed pede. Cum sociis natoque penatibus et magnis dis parturient,7/22/2023 9:17,Published
1221,2,"vulputate, nisi","Nulla eget metus eu erat semper rutrum. Fusce dolor quam, elementum at, egestas a, scelerisque sed, sapien.",7/27/2023 22:25,Draft
1171,25,"convallis in,",ipsum cursus vestibulum. Mauris magna. Duis dignissim tempor arcu. Vestibulum ut eros non enim commodo hendrerit. Donec porttitor tellus non magna. Nam ligula,6/17/2023 14:25,Draft
1284,10,"Aliquam ornare,","ac facilisis facilisis, magna tellus faucibus leo, in lobortis tellus justo sit amet nulla. Donec non justo. Proin",8/11/2023 12:10,Published
1398,28,Phasellus elit,"sit amet, faucibus ut, nulla. Cras eu tellus eu augue porttitor interdum. Sed auctor odio a purus. Duis elementum, dui quis accumsan",7/27/2023 11:38,Draft
1308,29,id nunc,In tincidunt congue turpis. In condimentum. Donec at arcu. Vestibulum ante ipsum primis in faucibus orci luctus et,5/13/2023 1:42,Published
1100,6,Donec egestas.,malesuada fames ac turpis egestas. Fusce aliquet magna a neque. Nullam ut nisi a odio semper cursus. Integer mollis.,7/22/2023 16:22,Draft
1270,14,odio. Phasellus,"in sodales elit erat vitae risus. Duis a mi fringilla mi lacinia mattis. Integer eu lacus. Quisque imperdiet,",11/1/2023 21:33,Draft
1078,10,"vulputate, nisi","ornare tortor at risus. Nunc ac sem ut dolor dapibus gravida. Aliquam tincidunt, nunc ac mattis ornare, lectus ante dictum mi, ac mattis velit justo",5/20/2023 4:06,Draft
1152,5,"varius et,",diam. Pellentesque habitant morbi tristique senectus et netus et malesuada fames ac turpis egestas. Fusce,7/9/2023 18:20,Draft
1342,15,enim. Curabitur,"dis parturient montes, nascetur ridiculus mus. Proin vel nisl. Quisque fringilla euismod enim. Etiam gravida molestie arcu. Sed eu nibh vulputate",5/25/2023 16:03,Published
1383,33,nec urna,vulputate ullamcorper magna. Sed eu eros. Nam consequat dolor vitae dolor. Donec,4/15/2024 0:44,Draft
1049,33,lectus sit,porttitor scelerisque neque. Nullam nisl. Maecenas malesuada fringilla est. Mauris eu turpis. Nulla aliquet. Proin,4/12/2024 14:05,Published
1317,30,cursus. Integer,nisi. Aenean eget metus. In nec orci. Donec nibh. Quisque nonummy ipsum non,4/26/2024 1:53,Draft
1009,33,libero at,"in sodales elit erat vitae risus. Duis a mi fringilla mi lacinia mattis. Integer eu lacus. Quisque imperdiet, erat nonummy ultricies ornare, elit elit",9/9/2023 9:59,Draft
1088,15,"enim, condimentum","vel, venenatis vel, faucibus id, libero. Donec consectetuer mauris id sapien. Cras dolor dolor, tempus",8/15/2023 9:59,Published
1002,34,"nostra, per","dignissim magna a tortor. Nunc commodo auctor velit. Aliquam nisl. Nulla eu neque pellentesque massa lobortis ultrices. Vivamus rhoncus. Donec est. Nunc ullamcorper, velit in",11/10/2023 8:01,Draft
1101,26,interdum. Sed,"eleifend non, dapibus rutrum, justo. Praesent luctus. Curabitur egestas nunc sed libero. Proin sed turpis",3/29/2024 7:15,Published
1220,18,mauris a,Donec dignissim magna a tortor. Nunc commodo auctor velit. Aliquam nisl. Nulla eu neque pellentesque massa lobortis ultrices. Vivamus,3/24/2024 5:35,Published
1103,35,venenatis lacus.,"montes, nascetur ridiculus mus. Proin vel arcu eu odio tristique pharetra. Quisque ac libero nec ligula consectetuer rhoncus. Nullam velit",1/25/2024 6:56,Draft
1008,10,Nam ac,"Cras vulputate velit eu sem. Pellentesque ut ipsum ac mi eleifend egestas. Sed pharetra, felis eget varius ultrices, mauris ipsum porta elit, a",10/6/2023 15:35,Published
1272,25,"adipiscing fringilla,",erat eget ipsum. Suspendisse sagittis. Nullam vitae diam. Proin dolor. Nulla semper tellus id nunc interdum feugiat. Sed,4/7/2024 8:26,Draft
1345,10,risus. Nulla,"risus. Donec egestas. Aliquam nec enim. Nunc ut erat. Sed nunc est, mollis non,",9/25/2023 21:28,Draft
1356,8,adipiscing ligula.,"lorem, eget mollis lectus pede et risus. Quisque libero lacus, varius et, euismod et, commodo at,",9/9/2023 6:23,Published
1095,18,"sit amet,","Nulla facilisis. Suspendisse commodo tincidunt nibh. Phasellus nulla. Integer vulputate, risus a ultricies adipiscing, enim mi tempor",4/4/2024 9:39,Draft
1175,21,eros nec,"sed, facilisis vitae, orci. Phasellus dapibus quam quis diam. Pellentesque habitant morbi tristique",6/5/2023 15:34,Draft
1213,38,Aenean egestas,"sem semper erat, in consectetuer ipsum nunc id enim. Curabitur massa. Vestibulum accumsan neque et",3/9/2024 9:33,Draft
1228,20,habitant morbi,"eu dolor egestas rhoncus. Proin nisl sem, consequat nec, mollis vitae, posuere",3/21/2024 9:12,Published
1005,3,Cras vehicula,quam. Pellentesque habitant morbi tristique senectus et netus et malesuada fames ac turpis egestas. Aliquam fringilla,10/22/2023 10:26,Published
1037,20,Fusce aliquet,"metus vitae velit egestas lacinia. Sed congue, elit sed consequat auctor, nunc nulla vulputate dui, nec tempus mauris erat eget ipsum. Suspendisse",8/29/2023 19:27,Published
1222,32,auctor. Mauris,"risus odio, auctor vitae, aliquet nec, imperdiet nec, leo. Morbi neque tellus, imperdiet non, vestibulum nec, euismod",10/27/2023 5:39,Published
1134,30,rutrum lorem,"iaculis, lacus pede sagittis augue, eu tempor erat neque non quam.",9/4/2023 19:49,Published
1074,30,vel est,"egestas blandit. Nam nulla magna, malesuada vel, convallis in, cursus et, eros.",10/12/2023 1:19,Draft
1223,9,"purus, accumsan","adipiscing. Mauris molestie pharetra nibh. Aliquam ornare, libero at auctor ullamcorper, nisl arcu iaculis enim, sit amet ornare lectus justo eu arcu. Morbi sit amet",9/25/2023 10:03,Published
1199,21,"vitae, posuere","ultrices, mauris ipsum porta elit, a feugiat tellus lorem eu metus. In lorem. Donec elementum, lorem ut",11/7/2023 5:05,Published
1120,31,congue turpis.,"tincidunt, nunc ac mattis ornare, lectus ante dictum mi, ac mattis velit justo nec ante. Maecenas mi felis, adipiscing fringilla,",11/17/2023 20:46,Draft
1359,22,Nulla eget,tempor augue ac ipsum. Phasellus vitae mauris sit amet lorem semper auctor. Mauris vel,10/10/2023 14:31,Published
1259,29,luctus aliquet,mauris erat eget ipsum. Suspendisse sagittis. Nullam vitae diam. Proin dolor. Nulla semper tellus id nunc interdum feugiat. Sed nec,6/10/2023 21:41,Draft
1273,5,tincidunt. Donec,"mauris id sapien. Cras dolor dolor, tempus non, lacinia at, iaculis quis, pede. Praesent eu dui. Cum sociis natoque penatibus et",10/26/2023 18:31,Published
1082,7,"ullamcorper, nisl",dignissim tempor arcu. Vestibulum ut eros non enim commodo hendrerit. Donec porttitor,3/16/2024 6:45,Draft
1031,24,eget mollis,"porttitor interdum. Sed auctor odio a purus. Duis elementum, dui quis accumsan convallis, ante lectus",1/1/2024 20:48,Draft
1368,32,Sed neque.,"vel, vulputate eu, odio. Phasellus at augue id ante dictum cursus. Nunc mauris elit, dictum eu, eleifend",5/15/2023 22:37,Draft
1160,22,sagittis. Nullam,"eu, ultrices sit amet, risus. Donec nibh enim, gravida sit amet, dapibus id, blandit at, nisi. Cum sociis natoque penatibus et",12/4/2023 3:19,Draft
1371,7,auctor velit.,"risus. Morbi metus. Vivamus euismod urna. Nullam lobortis quam a felis ullamcorper viverra. Maecenas iaculis aliquet diam. Sed diam lorem, auctor quis,",9/23/2023 5:58,Draft
1360,26,erat volutpat.,pharetra. Nam ac nulla. In tincidunt congue turpis. In condimentum. Donec at arcu. Vestibulum ante ipsum primis in faucibus,5/28/2023 4:03,Published
1070,4,eu neque,at fringilla purus mauris a nunc. In at pede. Cras vulputate velit eu sem.,4/5/2024 23:49,Published
1349,17,neque. Nullam,nisl. Quisque fringilla euismod enim. Etiam gravida molestie arcu. Sed eu nibh vulputate mauris sagittis placerat. Cras dictum ultricies ligula.,11/1/2023 16:16,Published
1089,29,est tempor,aliquam arcu. Aliquam ultrices iaculis odio. Nam interdum enim non nisi. Aenean eget metus. In nec,6/18/2023 2:44,Published
1102,25,Aenean massa.,"vitae odio sagittis semper. Nam tempor diam dictum sapien. Aenean massa. Integer vitae nibh. Donec est mauris, rhoncus id, mollis",11/2/2023 14:12,Draft
1185,36,orci tincidunt,"magna. Lorem ipsum dolor sit amet, consectetuer adipiscing elit. Etiam laoreet, libero et tristique",9/1/2023 6:53,Draft
1237,28,Duis gravida.,"In mi pede, nonummy ut, molestie in, tempus eu, ligula. Aenean euismod mauris eu elit. Nulla facilisi. Sed",8/2/2023 16:54,Draft
1390,38,lorem ac,"libero et tristique pellentesque, tellus sem mollis dui, in sodales elit erat vitae risus. Duis a",9/10/2023 15:21,Published
1340,18,fermentum arcu.,"erat. Sed nunc est, mollis non, cursus non, egestas a, dui. Cras pellentesque. Sed dictum. Proin eget odio. Aliquam",8/9/2023 7:59,Published
1288,22,Aliquam adipiscing,"orci, adipiscing non, luctus sit amet, faucibus ut, nulla. Cras eu tellus eu augue porttitor interdum. Sed auctor odio a purus. Duis elementum, dui",7/20/2023 8:06,Published
1060,35,"convallis in,","tellus lorem eu metus. In lorem. Donec elementum, lorem ut aliquam iaculis, lacus pede",5/24/2023 12:29,Draft
1336,3,diam. Pellentesque,"sapien. Aenean massa. Integer vitae nibh. Donec est mauris, rhoncus id,",7/21/2023 1:36,Published
1244,38,Curae Phasellus,"bibendum fermentum metus. Aenean sed pede nec ante blandit viverra. Donec tempus, lorem fringilla ornare placerat, orci lacus vestibulum",2/16/2024 22:42,Draft
1364,17,"hendrerit id,","nec, euismod in, dolor. Fusce feugiat. Lorem ipsum dolor sit amet, consectetuer adipiscing elit.",11/29/2023 9:36,Published
1322,13,arcu ac,"felis purus ac tellus. Suspendisse sed dolor. Fusce mi lorem, vehicula et, rutrum eu, ultrices sit amet, risus. Donec nibh enim,",10/22/2023 14:40,Draft
1341,21,enim. Sed,"placerat. Cras dictum ultricies ligula. Nullam enim. Sed nulla ante, iaculis nec, eleifend non, dapibus rutrum, justo. Praesent luctus. Curabitur egestas",2/19/2024 19:02,Published
1106,32,erat. Etiam,dictum. Phasellus in felis. Nulla tempor augue ac ipsum. Phasellus vitae mauris sit amet lorem semper auctor.,1/31/2024 22:32,Draft
1182,24,eu arcu.,faucibus orci luctus et ultrices posuere cubilia Curae Phasellus ornare. Fusce mollis. Duis sit amet diam,4/10/2024 19:50,Draft
1392,11,volutpat. Nulla,"eu, euismod ac, fermentum vel, mauris. Integer sem elit, pharetra ut, pharetra sed, hendrerit a, arcu. Sed et libero. Proin mi. Aliquam gravida mauris",1/28/2024 6:18,Published
1163,16,sapien. Aenean,"Maecenas iaculis aliquet diam. Sed diam lorem, auctor quis, tristique",9/7/2023 8:57,Published
1366,34,vitae risus.,"ut cursus luctus, ipsum leo elementum sem, vitae aliquam eros turpis non enim. Mauris",8/19/2023 9:21,Published
1109,12,urna convallis,pretium neque. Morbi quis urna. Nunc quis arcu vel quam dignissim pharetra. Nam ac nulla. In tincidunt congue turpis. In condimentum.,11/23/2023 7:46,Draft
1330,24,Aliquam adipiscing,magna a neque. Nullam ut nisi a odio semper cursus. Integer mollis. Integer tincidunt aliquam arcu. Aliquam,6/16/2023 8:15,Draft
1047,26,Nulla facilisi.,"Aenean eget magna. Suspendisse tristique neque venenatis lacus. Etiam bibendum fermentum metus. Aenean sed pede nec ante blandit viverra. Donec tempus, lorem",12/17/2023 5:42,Published
1050,16,tellus. Phasellus,"in, dolor. Fusce feugiat. Lorem ipsum dolor sit amet, consectetuer adipiscing elit. Aliquam auctor, velit eget laoreet posuere, enim nisl elementum purus, accumsan interdum",2/24/2024 3:37,Draft
1179,19,pede blandit,"tristique aliquet. Phasellus fermentum convallis ligula. Donec luctus aliquet odio. Etiam ligula tortor, dictum eu, placerat",2/3/2024 8:41,Published
1337,28,"gravida non,",consectetuer adipiscing elit. Curabitur sed tortor. Integer aliquam adipiscing lacus. Ut nec urna et arcu,10/17/2023 23:07,Draft
1348,28,"bibendum sed,",vitae aliquam eros turpis non enim. Mauris quis turpis vitae purus gravida sagittis. Duis gravida. Praesent,8/1/2023 8:51,Published
1181,32,molestie orci,"lobortis augue scelerisque mollis. Phasellus libero mauris, aliquam eu, accumsan sed, facilisis",2/26/2024 21:47,Draft
1278,22,in molestie,"quis, tristique ac, eleifend vitae, erat. Vivamus nisi. Mauris nulla. Integer urna. Vivamus molestie dapibus ligula. Aliquam",5/31/2023 2:13,Published
1213,25,"euismod et,","sagittis felis. Donec tempor, est ac mattis semper, dui lectus rutrum urna, nec luctus felis purus ac tellus. Suspendisse",10/2/2023 7:56,Published
1020,28,"faucibus id,","justo nec ante. Maecenas mi felis, adipiscing fringilla, porttitor vulputate, posuere vulputate, lacus. Cras interdum.",8/3/2023 17:23,Published
1150,21,Vivamus nibh,"nisl sem, consequat nec, mollis vitae, posuere at, velit. Cras lorem lorem,",9/30/2023 12:53,Published
1232,5,tortor nibh,"lacus pede sagittis augue, eu tempor erat neque non quam. Pellentesque habitant",4/6/2024 11:40,Draft
1330,39,turpis non,"ornare, facilisis eget, ipsum. Donec sollicitudin adipiscing ligula. Aenean gravida nunc sed pede. Cum sociis natoque penatibus et magnis dis",3/13/2024 5:01,Draft
1400,34,congue turpis.,"Aenean gravida nunc sed pede. Cum sociis natoque penatibus et magnis dis parturient montes, nascetur ridiculus mus. Proin vel arcu eu odio",9/27/2023 6:25,Draft
1210,18,Nulla facilisis.,in consectetuer ipsum nunc id enim. Curabitur massa. Vestibulum accumsan neque et nunc. Quisque,4/2/2024 6:43,Draft
1328,21,tellus justo,"vel est tempor bibendum. Donec felis orci, adipiscing non, luctus",12/31/2023 2:47,Published
1251,34,Cum sociis,"Nunc mauris. Morbi non sapien molestie orci tincidunt adipiscing. Mauris molestie pharetra nibh. Aliquam ornare, libero at auctor ullamcorper, nisl",8/6/2023 10:32,Published
1045,10,"parturient montes,","non, lacinia at, iaculis quis, pede. Praesent eu dui. Cum sociis natoque penatibus et magnis dis parturient montes, nascetur ridiculus",6/22/2023 7:53,Published
1351,15,ut dolor,"lacus, varius et, euismod et, commodo at, libero. Morbi accumsan laoreet ipsum. Curabitur consequat, lectus sit amet luctus vulputate, nisi sem semper erat, in",11/1/2023 15:40,Draft
1158,3,nec ligula,"imperdiet nec, leo. Morbi neque tellus, imperdiet non, vestibulum nec, euismod in, dolor. Fusce feugiat. Lorem ipsum dolor sit amet,",5/19/2023 19:24,Published
1016,12,Aenean sed,"magna. Phasellus dolor elit, pellentesque a, facilisis non, bibendum sed, est. Nunc laoreet lectus quis massa. Mauris vestibulum, neque sed dictum eleifend,",6/5/2023 17:51,Published
1133,5,ac orci.,Mauris nulla. Integer urna. Vivamus molestie dapibus ligula. Aliquam erat volutpat.,9/13/2023 5:24,Draft
1311,7,volutpat. Nulla,"ut ipsum ac mi eleifend egestas. Sed pharetra, felis eget varius ultrices, mauris",5/6/2023 6:04,Published
1241,34,mi fringilla,"enim diam vel arcu. Curabitur ut odio vel est tempor bibendum. Donec felis orci, adipiscing non, luctus sit amet, faucibus ut,",4/21/2024 9:15,Published
1334,9,vehicula risus.,"feugiat. Lorem ipsum dolor sit amet, consectetuer adipiscing elit. Aliquam",12/23/2023 6:40,Published
1256,5,tincidunt nibh.,"vitae, erat. Vivamus nisi. Mauris nulla. Integer urna. Vivamus molestie dapibus ligula. Aliquam erat volutpat. Nulla dignissim. Maecenas",7/20/2023 3:36,Published
1375,20,"ornare, lectus","ligula elit, pretium et, rutrum non, hendrerit id, ante. Nunc mauris sapien, cursus in,",3/16/2024 0:58,Published
1295,20,"facilisis eget,","Nam nulla magna, malesuada vel, convallis in, cursus et, eros. Proin ultrices. Duis volutpat nunc",5/12/2023 13:09,Published
1244,20,"at, nisi.","gravida non, sollicitudin a, malesuada id, erat. Etiam vestibulum massa rutrum",9/23/2023 19:24,Draft
1314,39,arcu. Sed,"cursus. Nunc mauris elit, dictum eu, eleifend nec, malesuada ut, sem. Nulla interdum. Curabitur dictum.",9/12/2023 1:22,Published
1132,2,enim. Nunc,"eu odio tristique pharetra. Quisque ac libero nec ligula consectetuer rhoncus. Nullam velit dui, semper et, lacinia vitae, sodales at, velit. Pellentesque",8/31/2023 11:40,Draft
1165,26,ipsum. Suspendisse,quis turpis vitae purus gravida sagittis. Duis gravida. Praesent eu nulla,8/4/2023 1:57,Draft
1086,19,dictum sapien.,quis urna. Nunc quis arcu vel quam dignissim pharetra. Nam ac nulla. In tincidunt congue turpis. In,9/6/2023 12:59,Published
1124,19,velit justo,"Donec elementum, lorem ut aliquam iaculis, lacus pede sagittis augue, eu tempor erat neque non",7/2/2023 13:24,Draft
1188,15,eu enim.,senectus et netus et malesuada fames ac turpis egestas. Fusce aliquet magna a neque. Nullam,11/27/2023 21:24,Published
1254,39,nascetur ridiculus,"dui, semper et, lacinia vitae, sodales at, velit. Pellentesque ultricies dignissim lacus. Aliquam rutrum lorem ac risus. Morbi metus. Vivamus",3/24/2024 3:19,Published
1041,38,neque venenatis,"pellentesque massa lobortis ultrices. Vivamus rhoncus. Donec est. Nunc ullamcorper, velit in aliquet lobortis, nisi nibh lacinia orci, consectetuer euismod est arcu",5/23/2023 19:00,Published
1197,9,Donec egestas.,"quis diam luctus lobortis. Class aptent taciti sociosqu ad litora torquent per conubia nostra, per inceptos hymenaeos. Mauris",3/3/2024 8:41,Published
1225,20,interdum ligula,"Nunc pulvinar arcu et pede. Nunc sed orci lobortis augue scelerisque mollis. Phasellus libero mauris, aliquam eu, accumsan",2/26/2024 19:55,Draft
1014,31,cursus vestibulum.,"auctor ullamcorper, nisl arcu iaculis enim, sit amet ornare lectus justo eu arcu. Morbi sit amet massa. Quisque",7/19/2023 18:04,Published
1263,33,velit. Aliquam,"Mauris vestibulum, neque sed dictum eleifend, nunc risus varius orci, in consequat enim diam vel arcu. Curabitur ut odio vel est tempor bibendum. Donec",4/9/2024 15:04,Published
1080,9,"sagittis augue,",arcu. Vestibulum ante ipsum primis in faucibus orci luctus et ultrices,3/7/2024 11:10,Draft
1034,22,sem molestie,"eu, accumsan sed, facilisis vitae, orci. Phasellus dapibus quam quis diam. Pellentesque habitant morbi",7/16/2023 18:06,Published
1018,26,Donec nibh,"pharetra. Quisque ac libero nec ligula consectetuer rhoncus. Nullam velit dui, semper",12/1/2023 2:53,Published
1239,23,iaculis odio.,"rhoncus. Donec est. Nunc ullamcorper, velit in aliquet lobortis, nisi nibh lacinia orci, consectetuer euismod est arcu ac orci.",11/30/2023 3:05,Published
1141,36,magna tellus,vel pede blandit congue. In scelerisque scelerisque dui. Suspendisse ac metus vitae velit egestas,9/7/2023 7:40,Published
1191,21,id sapien.,"egestas hendrerit neque. In ornare sagittis felis. Donec tempor, est ac mattis semper, dui lectus",3/25/2024 1:28,Draft
1119,2,lectus quis,"in, dolor. Fusce feugiat. Lorem ipsum dolor sit amet, consectetuer adipiscing elit. Aliquam auctor, velit eget laoreet posuere, enim nisl elementum purus, accumsan interdum libero",8/25/2023 14:12,Draft
1051,17,natoque penatibus,mauris a nunc. In at pede. Cras vulputate velit eu sem. Pellentesque ut ipsum ac mi,9/7/2023 22:50,Published
1337,13,"volutpat ornare,","dolor sit amet, consectetuer adipiscing elit. Curabitur sed tortor. Integer aliquam adipiscing lacus. Ut nec urna et arcu imperdiet ullamcorper. Duis at lacus.",8/8/2023 13:06,Published
1173,31,"ac, feugiat","vitae mauris sit amet lorem semper auctor. Mauris vel turpis. Aliquam adipiscing lobortis risus. In mi pede, nonummy ut, molestie in, tempus eu, ligula. Aenean",10/14/2023 2:41,Draft
1309,33,"est, mollis",Nam porttitor scelerisque neque. Nullam nisl. Maecenas malesuada fringilla est. Mauris eu turpis. Nulla aliquet.,2/27/2024 18:33,Published
1152,18,lectus justo,nunc id enim. Curabitur massa. Vestibulum accumsan neque et nunc. Quisque ornare tortor at,11/27/2023 7:59,Draft
1211,26,orci sem,"dui augue eu tellus. Phasellus elit pede, malesuada vel, venenatis vel, faucibus id, libero. Donec consectetuer mauris id sapien. Cras dolor dolor, tempus non, lacinia",6/8/2023 19:26,Draft
1120,4,senectus et,"sit amet, risus. Donec nibh enim, gravida sit amet, dapibus id,",2/10/2024 2:13,Draft
1006,9,at auctor,ac urna. Ut tincidunt vehicula risus. Nulla eget metus eu erat,9/10/2023 19:23,Published
1216,33,mus. Aenean,"vestibulum nec, euismod in, dolor. Fusce feugiat. Lorem ipsum dolor sit amet, consectetuer adipiscing elit. Aliquam",7/4/2023 0:59,Published
1229,30,gravida sit,"volutpat nunc sit amet metus. Aliquam erat volutpat. Nulla facilisis. Suspendisse commodo tincidunt nibh. Phasellus nulla. Integer vulputate, risus a",11/27/2023 11:18,Published
1140,31,volutpat nunc,enim. Curabitur massa. Vestibulum accumsan neque et nunc. Quisque ornare,12/12/2023 4:44,Draft
1163,37,commodo auctor,"dui lectus rutrum urna, nec luctus felis purus ac tellus. Suspendisse sed dolor. Fusce mi lorem, vehicula et, rutrum eu, ultrices sit amet, risus.",3/20/2024 6:23,Draft
1072,18,Proin mi.,"Nunc sollicitudin commodo ipsum. Suspendisse non leo. Vivamus nibh dolor, nonummy ac, feugiat non, lobortis quis, pede. Suspendisse dui. Fusce diam nunc, ullamcorper eu,",12/26/2023 6:22,Published
1378,5,metus sit,"lorem fringilla ornare placerat, orci lacus vestibulum lorem, sit amet ultricies sem magna nec quam. Curabitur vel lectus. Cum sociis natoque penatibus et magnis",3/10/2024 21:43,Draft
1227,5,interdum libero,"congue. In scelerisque scelerisque dui. Suspendisse ac metus vitae velit egestas lacinia. Sed congue,",10/6/2023 22:17,Draft
1049,29,"lorem lorem,","congue a, aliquet vel, vulputate eu, odio. Phasellus at augue id ante dictum cursus. Nunc mauris elit, dictum eu, eleifend nec, malesuada ut,",4/27/2024 4:54,Draft
1207,29,semper rutrum.,"luctus vulputate, nisi sem semper erat, in consectetuer ipsum nunc id enim. Curabitur massa. Vestibulum accumsan neque et nunc.",8/19/2023 1:30,Draft
1048,20,"ac, fermentum","magnis dis parturient montes, nascetur ridiculus mus. Donec dignissim magna a tortor. Nunc commodo auctor velit.",9/16/2023 15:30,Draft
1104,36,Nulla eu,"aliquet lobortis, nisi nibh lacinia orci, consectetuer euismod est arcu ac orci. Ut semper pretium neque. Morbi quis urna. Nunc quis arcu vel",10/1/2023 20:47,Published
1029,32,ac mattis,"eu, odio. Phasellus at augue id ante dictum cursus. Nunc mauris elit, dictum eu, eleifend nec,",9/26/2023 14:36,Published
1069,7,hymenaeos. Mauris,erat volutpat. Nulla dignissim. Maecenas ornare egestas ligula. Nullam feugiat placerat velit. Quisque varius. Nam porttitor scelerisque neque. Nullam nisl. Maecenas,12/11/2023 8:41,Draft
1053,23,cursus. Nunc,quis urna. Nunc quis arcu vel quam dignissim pharetra. Nam ac nulla.,1/12/2024 5:19,Draft
1289,16,ut quam,"viverra. Donec tempus, lorem fringilla ornare placerat, orci lacus vestibulum lorem, sit amet ultricies sem magna",8/13/2023 6:37,Published
1043,12,Phasellus dapibus,"aliquet, metus urna convallis erat, eget tincidunt dui augue eu tellus. Phasellus elit pede, malesuada vel, venenatis vel,",3/3/2024 4:02,Published
1387,7,ac metus,"In mi pede, nonummy ut, molestie in, tempus eu, ligula. Aenean euismod mauris eu elit. Nulla facilisi.",12/14/2023 19:59,Draft
1332,6,"lorem, auctor","ut erat. Sed nunc est, mollis non, cursus non, egestas a, dui. Cras pellentesque. Sed dictum. Proin eget odio. Aliquam vulputate ullamcorper",9/20/2023 8:27,Draft
1368,27,non quam.,"enim. Etiam gravida molestie arcu. Sed eu nibh vulputate mauris sagittis placerat. Cras dictum ultricies ligula. Nullam enim. Sed nulla ante,",11/15/2023 14:38,Published
1091,22,"est mauris,","Phasellus dolor elit, pellentesque a, facilisis non, bibendum sed, est. Nunc laoreet lectus quis",8/21/2023 9:12,Draft
1306,28,"in, tempus",Fusce aliquet magna a neque. Nullam ut nisi a odio semper cursus. Integer mollis. Integer tincidunt aliquam arcu.,6/30/2023 15:55,Draft
1247,36,ipsum primis,"egestas blandit. Nam nulla magna, malesuada vel, convallis in, cursus et, eros. Proin ultrices. Duis volutpat nunc sit amet metus. Aliquam",5/1/2024 12:59,Draft
1229,6,eget metus.,"iaculis aliquet diam. Sed diam lorem, auctor quis, tristique ac, eleifend vitae, erat. Vivamus nisi. Mauris nulla.",3/26/2024 21:10,Published
1032,31,Aliquam ultrices,Proin sed turpis nec mauris blandit mattis. Cras eget nisi dictum augue malesuada malesuada.,7/24/2023 3:37,Draft
1125,37,eu sem.,et ipsum cursus vestibulum. Mauris magna. Duis dignissim tempor arcu. Vestibulum ut eros non enim commodo hendrerit. Donec,11/10/2023 1:14,Published
1302,1,ipsum. Curabitur,Sed dictum. Proin eget odio. Aliquam vulputate ullamcorper magna. Sed eu eros. Nam consequat dolor vitae dolor. Donec fringilla. Donec feugiat metus sit amet,10/26/2023 16:06,Published
1074,30,interdum. Sed,"ac ipsum. Phasellus vitae mauris sit amet lorem semper auctor. Mauris vel turpis. Aliquam adipiscing lobortis risus. In mi pede, nonummy ut, molestie",8/19/2023 16:48,Draft
1363,2,tempor arcu.,"id ante dictum cursus. Nunc mauris elit, dictum eu, eleifend nec, malesuada ut,",6/14/2023 19:00,Published
1302,17,"neque tellus,","Nam nulla magna, malesuada vel, convallis in, cursus et, eros. Proin ultrices. Duis volutpat nunc sit",12/12/2023 11:05,Draft
1257,22,erat. Sed,"vitae risus. Duis a mi fringilla mi lacinia mattis. Integer eu lacus. Quisque imperdiet, erat nonummy ultricies ornare, elit elit fermentum risus, at",2/15/2024 15:04,Draft
1325,15,"sit amet,","at lacus. Quisque purus sapien, gravida non, sollicitudin a, malesuada id, erat. Etiam",8/19/2023 7:41,Published
1166,25,ut mi.,"ac turpis egestas. Aliquam fringilla cursus purus. Nullam scelerisque neque sed sem egestas blandit. Nam nulla magna, malesuada vel, convallis in, cursus et, eros. Proin",9/23/2023 9:12,Published
1051,24,ut aliquam,"Fusce aliquam, enim nec tempus scelerisque, lorem ipsum sodales purus, in molestie tortor nibh sit amet orci. Ut sagittis",2/25/2024 2:02,Draft
1003,22,mollis. Integer,"fermentum vel, mauris. Integer sem elit, pharetra ut, pharetra sed, hendrerit a,",8/6/2023 18:21,Draft
1139,5,urna. Vivamus,et netus et malesuada fames ac turpis egestas. Aliquam fringilla cursus purus. Nullam scelerisque neque sed,12/6/2023 14:50,Published
1368,24,Suspendisse non,"placerat, augue. Sed molestie. Sed id risus quis diam luctus lobortis. Class aptent taciti sociosqu",12/30/2023 13:54,Published
1112,30,faucibus orci,"eget mollis lectus pede et risus. Quisque libero lacus, varius et, euismod et, commodo at, libero. Morbi accumsan laoreet ipsum. Curabitur consequat, lectus sit amet",1/22/2024 2:56,Published
1074,21,Aenean gravida,"augue porttitor interdum. Sed auctor odio a purus. Duis elementum, dui quis accumsan convallis,",8/20/2023 4:22,Draft
1170,8,luctus felis,interdum. Curabitur dictum. Phasellus in felis. Nulla tempor augue ac ipsum. Phasellus vitae mauris sit amet lorem semper auctor. Mauris vel turpis. Aliquam,8/11/2023 1:52,Draft
1158,30,lorem fringilla,"non magna. Nam ligula elit, pretium et, rutrum non, hendrerit id, ante. Nunc mauris sapien, cursus",5/26/2023 6:25,Draft
