user_id,username,email,address,password,user_type,date_registered,account_status
1,augueporttitor,pede.ac.urna@protonmail.edu,181-7773 Dis Av.,facilisiseget,3,1/18/2021 1:14,Open
2,tortorInteger,amet.ante@icloud.com,284-7313 Curabitur Rd.,sit,3,9/18/2020 16:58,Open
3,etlacinia,rhoncus.id@yahoo.com,Ap #893-8004 Congue Rd.,sitamet,4,4/18/2021 11:03,Open
4,Sedid,semper.egestas@hotmail.net,6774 Ac St.,neque,3,1/12/2024 10:06,Open
5,Aliquamrutrum,massa@outlook.org,6932 Lobortis Rd.,sociisnatoque,2,11/26/2022 7:01,Closed
6,ligulaAenean,proin.vel@outlook.org,Ap #328-8194 Ut Rd.,arcuet,2,9/28/2021 8:00,Open
7,liberodui,lorem@aol.org,Ap #259-3206 Arcu Rd.,Integeridmagna,3,10/22/2021 23:41,Closed
8,anunc,luctus.felis.purus@aol.com,Ap #947-4906 Cursus Road,ategestas,2,8/21/2022 21:41,Open
9,Maurisut,est@hotmail.org,756-9171 Ut St.,nisiAeneaneget,4,6/5/2022 22:56,Closed
10,Nuncullamcorper,cursus.et@yahoo.couk,Ap #710-5818 Tincidunt Ave,elementumpurus,1,11/16/2022 14:49,Open
11,Nullamenim,ante.lectus.convallis@hotmail.ca,"703-5300 Fringilla, Avenue",consequat,4,1/11/2021 5:14,Closed
12,velturpis,ipsum.primis@yahoo.couk,859-6033 Sed Street,eleifendegestas,3,5/8/2020 2:06,Open
13,justoPraesent,amet.lorem@protonmail.edu,"Ap #598-5964 Auctor, Street",infelisNulla,4,1/16/2021 0:18,Closed
14,molestietortor,purus.ac@google.net,925-8302 Augue St.,anteiaculis,4,9/17/2022 0:46,Closed
15,gravidamolestie,fringilla.est@aol.ca,Ap #375-1912 Accumsan Rd.,velnisl,4,5/30/2023 12:49,Closed
16,Aliquamerat,ultricies.adipiscing.enim@hotmail.edu,778-1771 Luctus Av.,loremtristique,2,8/12/2022 15:12,Open
17,natoquepenatibus,tempus@yahoo.org,Ap #615-4285 Dui. Rd.,intempus,2,6/24/2020 4:30,Closed
18,urnaconvallis,enim@outlook.org,"692-6312 Nec, Road",imperdiet,4,1/2/2021 21:53,Closed
19,loremtristique,magna.et@hotmail.net,Ap #135-3180 Ipsum. Avenue,placerateget,3,6/5/2021 16:48,Open
20,sollicitudinadipiscing,nunc.sollicitudin@yahoo.edu,Ap #230-7309 Bibendum Avenue,Quisque,4,9/23/2021 18:05,Open
21,placerataugue,nisl.arcu@outlook.com,646-579 Eget Avenue,arcu,2,9/30/2021 15:26,Closed
22,incursus,ac@google.ca,182-847 Commodo Rd.,Quisquepurussapien,5,5/30/2020 20:40,Open
23,velitegestas,fames@icloud.ca,"P.O. Box 845, 865 Molestie Av.",felispurus,1,3/2/2024 7:31,Closed
24,rutrumlorem,nec@hotmail.edu,Ap #370-8165 Faucibus. Avenue,aaliquetvel,2,4/24/2021 6:39,Open
25,felisadipiscing,dictum.augue@outlook.ca,106-3283 Odio. St.,vitaevelitegestas,3,3/19/2024 8:43,Closed
26,nasceturridiculus,donec@icloud.org,841-6662 Elit St.,interdumfeugiatSed,5,9/3/2021 14:13,Closed
27,ultricesposuere,tempus.scelerisque@icloud.edu,Ap #660-480 Facilisis Ave,elementumpurus,5,7/18/2021 8:10,Open
28,idmollis,fusce.feugiat@protonmail.couk,Ap #218-9453 Vulputate Rd.,aptenttacitisociosqu,4,6/15/2021 11:56,Open
29,temporest,ullamcorper.eu.euismod@yahoo.net,495-142 Ac St.,antebibendumullamcorper,2,3/29/2021 13:46,Closed
30,seddictum,vulputate.nisi@aol.couk,4590 Ac Av.,liberoInteger,3,12/18/2022 16:29,Closed
31,fermentumfermentum,ac.mi@outlook.ca,119-3068 Sem St.,utnisi,5,3/22/2023 15:44,Closed
32,inconsequat,ultrices.iaculis@google.couk,"Ap #440-1047 Ornare, Rd.",estacmattis,4,9/16/2022 11:27,Open
33,necmollis,accumsan.laoreet@icloud.org,744 Quisque Road,iaculis,5,7/26/2023 21:18,Open
34,Quisquelibero,quam.curabitur.vel@icloud.couk,"P.O. Box 698, 9574 Vel, Rd.",necimperdiet,2,9/10/2022 2:42,Closed
35,sagittissemper,mauris.sagittis@hotmail.couk,3360 Ultrices Rd.,tristiqueneque,3,6/5/2023 8:12,Closed
36,lobortisaugue,vulputate@yahoo.couk,Ap #461-9754 Augue Street,fermentumarcu,1,4/8/2022 14:03,Open
37,Morbivehicula,maecenas@google.com,Ap #504-6022 Est Ave,idnunc,3,8/23/2020 16:29,Closed
38,Sedeu,eu@icloud.net,Ap #391-5045 Vivamus Av.,sitamet,4,6/22/2021 3:49,Open
39,aliquetmolestie,vestibulum.nec@protonmail.edu,"541-2256 Quis, Rd.",ridiculusmus,3,7/27/2021 22:30,Open
40,nasceturridiculus,nec@hotmail.org,"P.O. Box 911, 8314 Tempus Ave",Duisgravida,2,5/8/2023 23:31,Closed
41,lectusante,risus@icloud.com,155-7282 Amet Ave,Donecnibhenim,4,6/13/2021 18:44,Open
42,ipsumdolor,luctus.et@outlook.com,"4916 Ullamcorper, Rd.",mollis,3,9/25/2020 3:53,Closed
43,ornarelectus,lorem.eget@hotmail.couk,487-8000 Quisque Street,pretium,5,4/17/2021 6:27,Closed
44,mattisornare,ipsum.non@hotmail.ca,990-2646 Justo Ave,magnanec,1,7/14/2021 17:04,Open
45,quisurna,elit@icloud.com,Ap #675-9398 Et Rd.,Phasellus,4,1/6/2023 17:21,Open
46,orciadipiscing,proin.dolor.nulla@aol.edu,"P.O. Box 696, 1228 Enim. Avenue",scelerisquelorem,4,6/27/2022 1:41,Closed
47,Etiamvestibulum,condimentum@aol.net,"9299 Eu, Ave",eutellus,2,4/24/2023 2:04,Open
48,loremeu,sagittis.placerat@protonmail.org,Ap #311-7781 Vel Rd.,parturientmontesnascetur,4,3/17/2021 16:40,Closed
49,semelit,fusce.mi@outlook.couk,752-6368 Ante Av.,molestietellusAenean,1,6/11/2021 19:47,Closed
50,Suspendissealiquet,ac.risus.morbi@aol.net,Ap #491-7415 Varius Ave,urnaNunc,4,2/18/2023 17:26,Open
51,Quisqueporttitor,sem.consequat@outlook.net,8864 Aliquet St.,nisl,1,10/16/2021 22:00,Open
52,pellentesquea,eget@protonmail.net,Ap #868-210 Sed Rd.,urnajustofaucibus,1,9/9/2021 22:20,Closed
53,feugiatLorem,a@yahoo.net,Ap #827-2780 Donec Rd.,velnisl,3,6/25/2020 19:19,Open
54,consequatlectus,vivamus.nisi@icloud.org,"P.O. Box 219, 638 Eu Av.",pedeCumsociis,3,3/2/2021 5:29,Open
55,pedemalesuada,dis.parturient@hotmail.couk,"939-1318 Montes, Street",Proinvel,3,4/2/2024 21:07,Open
56,nisinibh,inceptos@aol.net,Ap #786-8534 Odio Street,Nullamvitae,3,5/2/2022 15:17,Open
57,Curabiturconsequat,praesent.eu@yahoo.org,Ap #867-5757 Ipsum Ave,atortor,2,2/5/2021 21:13,Closed
58,nonfeugiat,ante.vivamus@protonmail.ca,"P.O. Box 959, 1193 Dolor Road",vulputatelacusCras,3,1/30/2022 20:34,Open
59,morbitristique,morbi.tristique.senectus@hotmail.ca,406-7343 Turpis St.,tinciduntdui,4,9/26/2022 14:19,Closed
60,massalobortis,molestie@aol.ca,101 Eget Av.,eu,4,3/20/2023 21:07,Closed
61,dictumeleifend,convallis@protonmail.couk,424-1768 Sem Road,purusin,4,12/7/2022 1:51,Open
62,odioEtiam,quisque@outlook.net,"P.O. Box 360, 9253 Dolor. Ave",odioAliquamvulputate,3,7/10/2020 2:54,Closed
63,dictumaugue,curae.donec@yahoo.net,Ap #596-7901 Pede St.,nequetellusimperdiet,2,3/9/2023 21:58,Open
64,musAenean,orci@icloud.couk,"P.O. Box 148, 4348 Rutrum, Rd.",sed,1,3/28/2022 19:01,Open
65,scelerisquescelerisque,sollicitudin@icloud.ca,3092 Vel Av.,Sed,4,12/5/2023 17:48,Open
66,Integereu,mauris.vestibulum.neque@yahoo.ca,"P.O. Box 143, 1698 Etiam Ave",Cumsociis,2,2/14/2022 12:49,Closed
67,luctuset,nunc.ullamcorper@outlook.com,926-4563 In St.,ipsum,3,1/25/2021 22:24,Closed
68,atrisus,dui.nec@outlook.couk,675-2152 Luctus. Av.,Lorem,5,3/25/2022 21:56,Open
69,massarutrum,cras.vehicula@protonmail.com,Ap #110-8170 Pellentesque Road,Donec,2,5/11/2023 9:35,Closed
70,dictumeleifend,mauris.rhoncus@yahoo.org,2507 Euismod Avenue,sedest,2,12/20/2020 5:13,Closed
71,nibhsit,cras@protonmail.org,Ap #349-7353 Nulla. Rd.,Namligula,3,10/20/2022 8:07,Closed
72,nuncest,vel.vulputate@icloud.couk,491-4881 Nisl. Rd.,urnaNullamlobortis,3,5/27/2020 16:43,Open
73,lectusante,nisl.sem@aol.org,Ap #684-221 Sociosqu St.,pede,5,9/12/2023 4:03,Open
74,cursusnon,sed.pharetra@outlook.com,7390 Eget Rd.,orcitinciduntadipiscing,3,8/5/2023 16:55,Open
75,Maecenasiaculis,nec.imperdiet.nec@outlook.couk,"2880 Non, St.",infaucibus,5,3/7/2021 13:17,Closed
76,faucibusorci,et@protonmail.org,"P.O. Box 744, 395 A, Rd.",posuerecubilia,4,5/9/2022 0:39,Open
77,facilisisSuspendisse,dapibus.ligula.aliquam@yahoo.org,8056 Massa. St.,sagittisNullam,3,2/10/2023 18:07,Open
78,seddui,vulputate.dui@google.couk,1832 Nunc Rd.,velmauris,1,3/30/2024 12:53,Closed
79,malesuadafames,fames@yahoo.couk,7387 Tellus Rd.,tortorInteger,3,4/13/2024 4:21,Open
80,nullaat,ligula.elit.pretium@aol.ca,718-966 Aliquam Av.,maurisipsumporta,3,8/2/2023 6:36,Open
81,miac,id@protonmail.net,Ap #190-7535 Ridiculus Road,auctornonfeugiat,5,3/24/2024 4:09,Closed
82,bibendumDonec,varius.nam.porttitor@outlook.com,"P.O. Box 867, 6515 Orci, Rd.",iaculisaliquet,1,8/8/2020 23:19,Closed
83,facilisisvitae,quisque.fringilla@protonmail.com,"908-4013 Dui, Avenue",habitantmorbitristique,5,3/16/2023 23:39,Closed
84,ategestas,libero.dui@aol.org,894-6212 Tincidunt Avenue,nectempus,3,4/18/2024 14:38,Closed
85,cubiliaCurae,ornare.tortor@google.ca,5688 Mi Road,maurisaliquameu,2,11/4/2020 18:24,Closed
86,aaliquet,lorem.semper.auctor@icloud.net,"P.O. Box 116, 2479 Vitae, St.",commodohendreritDonec,2,3/22/2022 18:58,Open
87,dolordapibus,blandit.nam@protonmail.com,174-9637 Est Avenue,laciniaorci,4,12/11/2020 5:52,Open
88,posuerevulputate,lacus@aol.org,Ap #641-769 At Avenue,at,2,2/27/2023 19:00,Open
89,etnunc,mollis.nec@yahoo.edu,Ap #638-4762 Risus Rd.,luctusut,5,9/9/2021 12:17,Closed
90,orciluctus,aliquam.nisl@icloud.ca,683-3106 Suspendisse Rd.,montesnasceturridiculus,4,4/9/2024 22:42,Closed
91,ipsumnon,est.mollis@google.com,982-5779 Rhoncus. St.,aarcuSed,5,11/27/2020 9:09,Open
92,nuncIn,et.magnis@aol.ca,"Ap #378-1350 Felis, Rd.",fringillaporttitor,2,8/5/2021 4:22,Open
93,lobortisquam,sed.eget.lacus@icloud.org,"P.O. Box 768, 2333 Feugiat St.",Phaselluselit,4,5/19/2022 23:36,Open
94,tempordiam,enim@aol.couk,Ap #456-9865 Vivamus Street,leoCras,4,7/10/2021 11:20,Closed
95,adui,netus.et@icloud.edu,2367 Aliquam Ave,Aliquam,4,10/1/2020 23:56,Closed
96,Nullasemper,habitant@hotmail.com,"P.O. Box 767, 8997 Sed Rd.",loremluctusut,4,8/10/2023 7:40,Open
97,rhoncusid,eu@aol.com,Ap #319-3214 Tellus Avenue,facilisi,4,6/19/2021 2:38,Open
98,etnunc,sollicitudin.orci@hotmail.edu,762-4261 Diam. St.,vitaepurus,4,11/14/2022 6:35,Closed
99,maurissagittis,arcu.eu.odio@google.org,Ap #210-3172 In St.,quisaccumsan,2,10/25/2021 5:12,Open
100,mollisdui,nisi.a@aol.com,Ap #339-122 Sit Street,interdumenim,4,1/28/2022 20:30,Open
101,Aliquamtincidunt,consectetuer.ipsum@google.org,"5363 Non, Ave",nonnisiAenean,1,4/25/2022 20:10,Closed
102,atortor,nec.metus@google.couk,1427 Vivamus Av.,laoreetposuere,3,7/29/2021 19:59,Closed
103,Aliquamvulputate,magna.nec@protonmail.net,Ap #202-2808 Enim. Road,euelit,5,1/9/2022 4:18,Closed
104,Phaselluslibero,hendrerit.neque@protonmail.com,"P.O. Box 903, 5110 Eu Road",fermentumconvallisligula,3,3/26/2021 9:02,Open
105,nectempus,diam.duis.mi@hotmail.couk,"Ap #717-5111 Sed, St.",rutrumnonhendrerit,2,8/21/2021 18:24,Closed
106,arcuSed,penatibus.et.magnis@outlook.edu,"Ap #488-242 Eu, Ave",eleifend,2,2/3/2023 18:47,Open
107,Nuncpulvinar,ornare.lectus.justo@hotmail.edu,750-1304 Mus. St.,enimdiamvel,3,10/7/2022 9:31,Open
108,eutempor,ligula@aol.ca,Ap #577-7232 Integer St.,ultricesiaculisodio,1,12/18/2021 17:00,Open
109,velturpis,duis.at@yahoo.ca,"P.O. Box 746, 3506 At Rd.",faucibus,4,10/30/2022 14:25,Open
110,turpisegestas,aliquet.proin@outlook.org,3842 Dolor St.,egetodio,2,8/22/2021 16:29,Closed
111,lobortisrisus,ullamcorper.velit.in@icloud.net,942-131 Urna. Avenue,erosProin,2,6/5/2022 2:14,Open
112,sodaleselit,aliquam.adipiscing.lacus@yahoo.com,670-7085 Phasellus St.,orci,3,5/12/2021 6:18,Open
113,temporarcu,lacinia.mattis@google.com,"P.O. Box 313, 5051 Aenean Street",atvelit,3,1/28/2023 6:34,Closed
114,risusNulla,phasellus@protonmail.net,986-7233 Phasellus Rd.,enimnon,1,9/3/2020 15:53,Open
115,Inmi,aliquet.metus@aol.couk,"755-9798 Nec, Rd.",Suspendisse,4,2/7/2024 0:17,Closed
116,mollisDuis,netus.et@google.couk,Ap #321-8515 Consequat St.,Fuscemollis,4,11/21/2022 11:08,Closed
117,ametmetus,vestibulum.accumsan@outlook.couk,294-1992 Penatibus Av.,felisorci,2,6/2/2021 21:38,Closed
118,arcuVestibulum,tincidunt@hotmail.com,Ap #998-4612 Ante. St.,Crasinterdum,4,4/13/2022 17:32,Closed
119,dictummagna,risus.donec.nibh@yahoo.edu,895-4124 In Street,ante,3,7/10/2020 18:38,Open
120,atlacus,scelerisque.scelerisque@outlook.net,287 Non Avenue,luctussit,5,1/12/2024 17:30,Open
121,velitQuisque,nunc.sollicitudin@outlook.org,"P.O. Box 125, 9784 Et, Street",dapibusrutrum,3,12/18/2023 8:19,Closed
122,maurisrhoncus,velit.pellentesque@outlook.com,Ap #262-2227 Ullamcorper Rd.,consequat,2,10/6/2021 19:16,Open
123,Proinnon,adipiscing.enim@protonmail.ca,Ap #102-4057 Cras Av.,atvelit,4,3/16/2021 3:20,Closed
124,estac,ut.lacus@icloud.couk,Ap #151-1036 Feugiat St.,primisinfaucibus,4,3/23/2024 23:11,Closed
125,luctuset,velit@icloud.com,416-8615 Sodales Ave,utquam,1,11/10/2021 8:05,Open
126,eueros,gravida.molestie.arcu@protonmail.ca,Ap #502-5733 Laoreet Rd.,vitaesemper,1,1/31/2024 10:49,Open
127,molestieorci,enim.mauris@outlook.net,Ap #280-2946 Augue St.,volutpatornare,4,8/1/2022 15:43,Closed
128,Proinvel,aliquam.ornare@icloud.org,Ap #962-8085 Tincidunt. Street,nibhdolor,2,9/18/2022 13:37,Open
129,nonmassa,eget@yahoo.net,"P.O. Box 644, 3393 Suspendisse Avenue",Phaselluslibero,1,5/2/2021 14:44,Open
130,aliquamiaculis,lacus.nulla.tincidunt@hotmail.couk,2007 Consectetuer Road,variusNamporttitor,2,1/14/2021 5:54,Closed
131,odiosagittis,sed.et@hotmail.couk,908-9793 Ad St.,dui,4,3/9/2024 12:14,Closed
132,Praesentluctus,ut.odio.vel@hotmail.org,Ap #158-8002 Cum Av.,nequepellentesquemassa,4,10/10/2023 16:48,Closed
133,mattisvelit,libero@outlook.com,"631-5899 Amet, St.",mienim,4,5/19/2021 15:01,Open
134,pellentesqueeget,bibendum.fermentum.metus@yahoo.org,"P.O. Box 228, 3364 Neque Rd.",Duis,1,8/19/2020 17:35,Closed
135,tempuslorem,est.tempor@google.com,772-7675 Nulla Avenue,tempus,2,12/21/2020 20:42,Closed
136,porttitorinterdum,enim.sit@icloud.ca,447-8965 Sit Street,neque,2,2/25/2021 20:20,Open
137,ametorci,nunc.mauris@hotmail.edu,"P.O. Box 880, 7699 Donec Rd.",varius,5,6/22/2021 12:13,Open
138,Phasellusdapibus,nulla.dignissim.maecenas@hotmail.com,Ap #610-1554 Odio. Rd.,euerat,4,7/29/2023 13:37,Closed
139,nondapibus,cum.sociis@google.com,160-6617 Odio Av.,egestas,2,3/3/2021 16:08,Open
140,aceleifend,in.at@icloud.edu,Ap #202-8556 Cursus Avenue,semegestas,2,3/15/2024 22:28,Open
141,rutrumnon,vel@aol.edu,615-405 Augue Av.,nec,3,6/11/2022 3:28,Closed
142,egestasnunc,etiam.gravida@hotmail.net,481-4256 Et Avenue,rhoncus,1,1/19/2023 1:11,Closed
143,dignissimmagna,diam.lorem@yahoo.edu,Ap #584-5651 Consectetuer Avenue,egetvenenatis,3,8/19/2023 8:58,Closed
144,fringillapurus,arcu.vivamus@hotmail.org,"809-9852 Elit, Ave",fringillapurus,4,5/30/2023 4:06,Closed
145,utodio,et.eros@icloud.org,"Ap #353-6532 Amet, Street",eu,3,9/7/2023 12:34,Open
146,nuncest,dictum.cursus.nunc@protonmail.com,729-8533 Aenean Rd.,In,3,7/13/2021 14:50,Open
147,Aliquamnisl,ipsum.porta@google.org,808-6894 Metus. Road,pede,1,1/12/2021 14:24,Open
148,velturpis,diam.eu.dolor@outlook.org,Ap #451-916 Natoque Rd.,malesuadafringillaest,4,8/6/2023 16:48,Closed
149,etmalesuada,cras@icloud.net,"P.O. Box 236, 9686 Malesuada St.",egestasSedpharetra,3,4/14/2022 9:12,Open
150,dolorelit,ipsum@outlook.couk,"Ap #346-3707 Pellentesque, Street",temporerat,3,9/14/2021 18:54,Open
151,lectusante,quisque@aol.net,378-7449 Et Street,netusetmalesuada,2,9/23/2021 2:01,Open
152,eutempor,hendrerit@outlook.edu,221-2408 Turpis. Av.,natoque,3,5/18/2021 13:47,Open
153,Vestibulumante,non@outlook.edu,Ap #958-3075 Nullam Avenue,congueturpis,4,4/7/2021 12:48,Closed
154,faucibusorci,lorem.auctor.quis@google.couk,"P.O. Box 481, 6269 Vitae Road",NullaaliquetProin,2,5/14/2023 15:21,Open
155,Nuncmauris,quisque.fringilla@protonmail.couk,Ap #216-8789 Ullamcorper Street,lobortis,2,11/10/2022 16:05,Open
156,eratsemper,congue.in.scelerisque@hotmail.com,"P.O. Box 443, 8330 Velit. Road",semsemper,4,7/23/2022 2:22,Closed
157,disparturient,arcu@outlook.net,106-5943 Nullam Street,Suspendisseacmetus,5,11/5/2023 14:56,Closed
158,gravidasit,ac.orci.ut@aol.couk,Ap #165-9923 Pede. Road,arcuvel,3,5/14/2023 3:37,Open
159,auctornunc,egestas.sed@google.couk,6076 Cursus Road,aultricies,4,7/3/2020 14:31,Open
160,loremvitae,quam@hotmail.net,Ap #208-8602 Risus. Road,Quisque,3,8/29/2023 19:23,Closed
161,sodalesat,nulla.dignissim@outlook.org,116-6890 Dui. Street,nonummyFusce,2,5/27/2020 2:36,Open
162,adipiscingfringilla,enim.nunc@hotmail.net,Ap #364-7917 Egestas St.,ipsumprimis,5,3/25/2022 3:52,Closed
163,facilisislorem,nibh@icloud.ca,816-8585 Mi Rd.,inlobortis,2,12/2/2022 1:32,Open
164,enimEtiam,suspendisse@google.edu,"P.O. Box 677, 795 Ipsum Av.",diamProin,2,7/24/2023 13:43,Closed
165,egetlaoreet,cum.sociis@outlook.couk,Ap #647-6878 In Rd.,netuset,5,5/12/2021 16:05,Open
166,adui,lobortis.tellus@protonmail.couk,Ap #313-3187 Tristique Av.,arcuvel,2,5/13/2023 21:35,Closed
167,portaelit,luctus@aol.net,Ap #416-9715 Ridiculus St.,blanditenimconsequat,2,2/24/2021 15:32,Open
168,euismodurna,elit.pede.malesuada@outlook.couk,1164 Tincidunt Rd.,risusQuisque,3,1/19/2023 20:26,Closed
169,risusNulla,aliquam.rutrum.lorem@icloud.com,4755 Fusce St.,per,4,7/29/2021 2:35,Closed
170,Sedmolestie,adipiscing.non@yahoo.org,"Ap #649-2309 Eu, Rd.",Namligula,4,10/31/2022 11:01,Closed
171,estmollis,malesuada.integer@yahoo.net,Ap #884-6569 At Av.,netuset,5,10/28/2022 5:16,Closed
172,nonmagna,a.odio@protonmail.net,6234 Convallis St.,ipsumnuncid,5,12/6/2020 0:24,Closed
173,fermentumvel,vel.quam.dignissim@aol.org,949-3608 Cubilia Rd.,id,3,5/20/2023 9:34,Closed
174,auctorMauris,in.scelerisque@protonmail.couk,Ap #805-3751 Aliquet Avenue,purus,3,6/29/2021 21:57,Closed
175,luctuslobortis,lorem.donec@yahoo.edu,140-8816 Magna. Rd.,risus,5,1/31/2022 2:49,Closed
176,semmollis,mattis.cras@aol.org,Ap #748-5963 Sed St.,augue,3,6/2/2023 17:47,Open
177,velitjusto,odio@outlook.org,Ap #518-4704 Mattis Street,Intincidunt,4,5/6/2022 1:38,Closed
178,sitamet,aliquet.vel@outlook.net,4287 In Rd.,Phasellusvitae,5,7/16/2020 19:26,Closed
179,ametconsectetuer,facilisi.sed.neque@aol.edu,874-3136 In Rd.,etultricesposuere,2,3/3/2022 21:04,Closed
180,Praesenteu,vestibulum@google.org,1779 Quis Street,feugiat,5,1/7/2024 17:48,Open
181,orciluctus,dui.fusce@outlook.edu,8775 Cursus Av.,auctorquistristique,2,2/2/2024 11:11,Open
182,vulputaterisus,ante@aol.org,3924 Duis Street,sedsemegestas,2,11/6/2022 2:49,Open
183,cursusdiam,id.risus@aol.ca,943-8557 Dui Ave,Aliquamadipiscinglobortis,1,11/16/2023 20:58,Open
184,vestibulumnec,sem@icloud.com,"P.O. Box 332, 7060 Et, Avenue",malesuadavelvenenatis,3,11/6/2021 20:57,Closed
185,Quisqueac,fringilla.cursus@icloud.org,Ap #490-9924 Diam Avenue,malesuada,2,10/17/2022 5:53,Open
186,duiFusce,id.sapien@hotmail.couk,199-6711 Venenatis Street,nequevitae,3,11/3/2023 17:14,Closed
187,ornareelit,quis.diam@icloud.org,7312 Facilisis Rd.,porttitorscelerisqueneque,1,3/22/2021 15:20,Open
188,ametfaucibus,arcu.sed.eu@hotmail.com,"P.O. Box 732, 8354 Blandit St.",Aliquamnec,5,8/11/2021 22:10,Closed
189,Aliquamvulputate,aliquet@outlook.net,"P.O. Box 223, 1639 Fusce Av.",ultriciesligula,1,6/5/2020 13:51,Open
190,tellusjusto,duis.ac.arcu@google.net,"P.O. Box 254, 2704 Laoreet St.",nullamagna,3,11/7/2020 18:46,Open
191,ataugue,cum.sociis.natoque@aol.edu,850-5675 Purus Road,neccursusa,5,6/6/2022 14:38,Closed
192,volutpatNulla,dolor.donec.fringilla@aol.org,Ap #610-6051 Justo Av.,magnaet,2,1/22/2021 19:56,Open
193,Nullatincidunt,id.sapien@protonmail.com,6751 Est. Ave,Phasellusdapibus,1,9/5/2020 2:08,Open
194,cursusa,vestibulum.neque@icloud.couk,226-7786 At Street,justo,1,8/8/2020 9:46,Open
195,Infaucibus,felis.ullamcorper@yahoo.edu,"8666 A, Av.",natoquepenatibuset,2,6/21/2020 11:33,Closed
196,ultricesposuere,praesent.interdum.ligula@google.ca,191-677 Donec Ave,Cras,3,1/23/2023 22:16,Open
197,blanditenim,mauris@aol.org,Ap #137-3887 Fusce St.,vestibulumneque,4,12/14/2020 12:33,Open
198,tristiquesenectus,sit.amet@hotmail.org,"1620 Lacus, St.",nibhQuisquenonummy,5,1/17/2023 10:04,Open
199,adipiscinglacus,eleifend.egestas@aol.net,760-6710 Quisque Ave,vitaesemperegestas,1,7/3/2021 7:30,Closed
200,vitaerisus,suspendisse.aliquet@google.ca,143-8025 Scelerisque St.,malesuadafames,4,3/5/2024 21:10,Closed
201,lacuspede,neque.venenatis@hotmail.org,"Ap #730-899 Elit, Ave",ligulaelit,3,3/22/2023 13:46,Open
202,nibhenim,blandit.viverra.donec@outlook.net,726-3492 Mauris Street,enimcondimentumeget,2,5/4/2023 21:29,Open
203,justoProin,nulla@hotmail.org,Ap #399-3616 Mauris Road,NullafacilisiSed,5,6/25/2022 3:28,Open
204,Donecelementum,eros.proin.ultrices@hotmail.edu,290-2545 Tempus St.,sodalespurus,2,10/12/2020 23:18,Open
205,elementumlorem,dis.parturient.montes@protonmail.couk,"P.O. Box 796, 926 Metus Av.",arcuVestibulum,4,8/9/2021 22:45,Open
206,euaccumsan,et.eros@icloud.edu,Ap #204-7512 Placerat Ave,semperNam,5,1/12/2024 15:27,Closed
207,famesac,eu.ligula@aol.couk,955-1236 Fringilla Road,scelerisque,2,5/13/2022 8:42,Closed
208,Donecnon,augue.eu@aol.couk,"P.O. Box 786, 8729 Dolor Av.",amet,1,7/27/2022 10:18,Closed
209,metusAenean,arcu@icloud.net,Ap #732-3532 Accumsan St.,dolor,3,7/13/2021 14:56,Open
210,ridiculusmus,ipsum.dolor@google.net,186-6145 Elementum Avenue,estac,4,5/8/2022 9:24,Closed
211,dolorNulla,ipsum.dolor@outlook.com,"523-2449 Non, St.",eu,3,7/12/2023 8:34,Open
212,sitamet,quam.pellentesque.habitant@hotmail.ca,Ap #731-654 Velit Street,mus,3,4/16/2023 14:43,Closed
213,malesuadaInteger,ut.nisi.a@outlook.org,887-6737 Hendrerit Rd.,diam,2,12/21/2021 1:55,Closed
214,Quisquetincidunt,nunc.pulvinar.arcu@hotmail.couk,Ap #769-6089 Turpis. Rd.,semNulla,4,5/14/2021 5:12,Open
215,atfringilla,vitae@google.net,686-6812 Curabitur Rd.,Fuscedolorquam,4,5/4/2021 15:01,Open
216,Donectempor,suscipit.nonummy@icloud.net,"P.O. Box 947, 4033 Sagittis. Av.",mauriserat,3,5/24/2021 4:51,Closed
217,dignissimlacus,et.tristique@google.ca,"P.O. Box 311, 2355 Imperdiet Street",diamloremauctor,4,6/19/2023 17:45,Closed
218,miAliquam,iaculis.nec.eleifend@hotmail.couk,Ap #786-1281 Integer Street,ametluctus,3,10/3/2022 9:17,Open
219,liberoDonec,pede.praesent@yahoo.couk,393 Ac Street,arcuAliquamultrices,1,6/19/2023 2:59,Closed
220,antedictum,eleifend.nec@protonmail.org,7168 Quam Road,loremeget,5,5/13/2023 7:03,Open
221,ridiculusmus,elit@aol.com,Ap #308-7684 Erat Ave,arcuAliquam,5,9/12/2023 12:22,Open
222,augueac,vitae.orci@outlook.couk,"Ap #362-4016 Imperdiet, Road",Etiambibendum,4,2/27/2024 21:35,Open
223,semeget,donec.feugiat@protonmail.net,Ap #601-6284 In Road,eudui,3,2/4/2022 2:11,Closed
224,sitamet,tellus.imperdiet@protonmail.org,695-1713 Scelerisque St.,at,1,10/25/2020 13:12,Open
225,Quisqueimperdiet,non.lobortis@aol.ca,"P.O. Box 877, 2849 Mollis Ave",nequeet,3,7/18/2021 15:06,Open
226,risusIn,donec.tempus@google.net,208-7738 Enim. Ave,vulputate,5,4/2/2022 11:50,Closed
227,elitelit,tellus@icloud.couk,622-3034 Enim. Road,Vestibulum,3,11/17/2022 11:42,Closed
228,euligula,nec.mauris.blandit@hotmail.couk,Ap #871-3921 Arcu Street,vulputateposuere,3,3/4/2021 8:39,Open
229,enimdiam,blandit.at@hotmail.com,Ap #271-7824 Sed Av.,Nuncac,1,11/7/2022 4:49,Closed
230,eulacus,sapien.cursus@yahoo.com,268 Est. Avenue,fringillaporttitor,3,7/15/2023 10:26,Closed
231,nonlacinia,lacus.cras@yahoo.com,Ap #425-677 Auctor St.,tellusimperdietnon,3,6/3/2021 7:16,Closed
232,justoProin,etiam.vestibulum@aol.ca,Ap #220-7885 Arcu Rd.,famesac,4,12/31/2020 14:46,Open
233,netuset,dolor@icloud.org,Ap #498-8408 Habitant St.,fermentum,2,12/1/2023 0:58,Closed
234,urnasuscipit,integer.sem.elit@hotmail.edu,Ap #462-4928 Luctus Avenue,elitfermentum,3,7/17/2022 13:05,Open
235,parturientmontes,lobortis.nisi@yahoo.couk,910-4288 Nisi Street,Namporttitorscelerisque,2,1/23/2021 8:05,Closed
236,turpisegestas,primis.in@protonmail.org,Ap #378-1878 Massa Ave,estMauriseu,1,9/16/2022 1:00,Open
237,nequeMorbi,suscipit.nonummy.fusce@google.edu,813-3512 Amet St.,ipsum,5,5/13/2021 1:12,Closed
238,antedictum,quam.curabitur@yahoo.com,"P.O. Box 718, 5822 Nec Street",mauriserateget,3,7/24/2021 23:22,Closed
239,loremut,dolor.nulla@icloud.com,572-1264 Elit Ave,vulputateullamcorper,4,3/17/2021 15:57,Closed
240,ultricesa,id.sapien@protonmail.edu,"833-902 Nec, Rd.",erat,3,3/7/2024 9:28,Open
241,purusac,erat.neque.non@icloud.org,Ap #339-9921 At Street,urnajustofaucibus,2,6/23/2022 17:26,Open
242,nectellus,enim@google.org,"P.O. Box 690, 7286 Vel, Rd.",enimSuspendisse,3,9/2/2022 13:32,Open
243,lectusante,nibh.phasellus.nulla@aol.net,"956 A, Rd.",pretium,3,4/11/2024 23:52,Closed
244,risusIn,tempus.scelerisque.lorem@outlook.com,569-9179 Ante Ave,Duissit,2,8/6/2020 21:42,Closed
245,hendreritDonec,malesuada.integer@aol.net,320-6273 Sociis Rd.,mitemporlorem,2,11/8/2021 4:28,Closed
246,anunc,dis@google.com,9417 Accumsan St.,Aeneansed,4,3/23/2023 16:46,Open
247,sitamet,dis.parturient@protonmail.ca,Ap #926-1811 Eget Avenue,vitae,2,2/23/2024 4:16,Open
248,orciluctus,integer@hotmail.org,Ap #330-6347 Id Street,lectusrutrum,3,2/15/2021 2:39,Open
249,etrutrum,id@yahoo.edu,"P.O. Box 948, 4294 Nisi Street",semmollis,3,8/6/2023 4:41,Closed
250,laciniaorci,non.quam@protonmail.ca,352-227 Auctor Av.,sapienmolestie,2,5/6/2023 11:24,Closed
251,Proinsed,sed.eget@yahoo.com,909-2214 Sodales St.,sed,2,2/27/2023 17:00,Open
252,ipsumnunc,consectetuer.mauris.id@icloud.com,275-2489 Lacinia Rd.,magnis,5,7/23/2022 8:33,Closed
253,velvenenatis,in@hotmail.net,8027 Malesuada. Avenue,diamvel,5,11/30/2022 6:15,Open
254,Integerurna,quam.vel.sapien@google.com,474-714 Nibh Rd.,est,3,11/29/2021 20:27,Open
255,eleifendegestas,nibh.quisque.nonummy@outlook.ca,"P.O. Box 812, 7266 Metus. Av.",portaelita,2,6/25/2021 11:43,Closed
256,metussit,porttitor@google.net,"8372 In, St.",lacusvestibulum,1,1/24/2023 21:04,Closed
257,orciconsectetuer,magna.ut.tincidunt@aol.net,"P.O. Box 167, 8122 Nulla Street",consequatlectussit,5,11/1/2020 3:16,Open
258,aliquetnec,adipiscing.elit@aol.org,Ap #492-3049 Nunc Av.,amalesuada,2,7/22/2020 20:15,Closed
259,Loremipsum,ornare.egestas@google.ca,373-2315 In Rd.,venenatis,5,2/15/2022 6:21,Closed
260,musDonec,vel.sapien@hotmail.net,Ap #841-3761 Massa. St.,vulputateeu,3,1/11/2021 4:02,Closed
261,orcisem,duis.dignissim@aol.org,137-5806 A Avenue,auctor,2,10/3/2022 2:18,Closed
262,Fuscealiquam,nisl.sem@aol.org,Ap #187-3589 Augue Avenue,necipsum,3,1/12/2021 20:56,Open
263,velquam,placerat.cras@aol.couk,2307 Libero. Av.,Nuncquis,1,8/25/2021 7:08,Closed
264,Crasinterdum,ipsum@google.edu,Ap #819-9414 Est St.,idnunc,4,12/12/2022 7:22,Closed
265,semeget,nec.orci@protonmail.ca,882-6169 Proin Road,ligulaNullamenim,3,11/15/2020 1:27,Closed
266,Duiselementum,etiam.ligula.tortor@protonmail.org,830-6369 Praesent Rd.,Aliquamrutrum,2,1/7/2022 8:37,Open
267,orciUt,cubilia@icloud.net,343-345 Nibh Av.,temporlorem,4,5/2/2021 20:36,Closed
268,etipsum,duis@yahoo.net,"730-9478 Ornare, St.",senectuset,4,10/12/2020 15:53,Open
269,variusNam,blandit@icloud.edu,1892 Interdum. St.,mi,4,11/4/2021 8:18,Open
270,risusDonec,molestie.tortor@google.couk,"P.O. Box 582, 9678 Duis Avenue",atnisi,3,11/1/2021 17:37,Closed
271,orcitincidunt,consectetuer@yahoo.org,3850 Arcu Rd.,ac,2,11/16/2023 14:08,Closed
272,Aliquamerat,elit.elit@outlook.net,991-4379 Vivamus St.,id,4,4/6/2024 19:11,Closed
273,Fuscefeugiat,quis.diam@hotmail.couk,1301 Sed Rd.,nibhsit,4,1/28/2022 5:27,Closed
274,Crasinterdum,ornare.tortor@icloud.couk,928-2316 Ante. St.,facilisisnon,3,9/13/2021 23:18,Closed
275,sociisnatoque,eu.enim@yahoo.ca,Ap #979-8043 Vel Avenue,liberomauris,3,8/13/2021 13:12,Open
276,Nuncac,non.lorem.vitae@yahoo.org,424-1556 Eros. Rd.,ut,4,1/1/2023 13:50,Closed
277,Etiamlaoreet,eget.laoreet@hotmail.ca,3177 Nunc Road,fermentum,1,11/21/2023 16:59,Closed
278,utdolor,et.commodo@icloud.com,"P.O. Box 709, 5691 Euismod Avenue",tristiqueaceleifend,3,12/13/2020 2:32,Closed
279,temporerat,litora.torquent@hotmail.org,"Ap #540-8622 Lorem, Avenue",nonhendrerit,2,5/11/2021 21:50,Open
280,elitpellentesque,orci.donec@icloud.net,"P.O. Box 580, 6730 Aliquet, Road",molestiedapibus,2,3/1/2023 2:43,Open
281,pedeblandit,sapien.imperdiet@protonmail.com,815-3874 Sollicitudin Road,Proinvelnisl,5,10/8/2023 1:09,Open
282,hendrerita,augue.ut@icloud.ca,8748 Fringilla Rd.,pretiumneque,4,9/9/2022 20:30,Closed
283,Cumsociis,ornare.facilisis@icloud.org,4797 Dictum Ave,tinciduntDonec,5,9/24/2020 13:14,Open
284,Etiambibendum,malesuada@protonmail.ca,202-6201 Semper St.,perconubianostra,5,7/24/2022 21:46,Open
285,lacusvarius,ipsum.donec.sollicitudin@aol.org,Ap #169-1475 Ultrices Rd.,at,2,5/4/2021 20:09,Open
286,estNunc,fusce.feugiat@icloud.ca,332-2587 Ac Road,Nullamenim,3,4/22/2023 6:15,Open
287,odioAliquam,fringilla.porttitor@hotmail.couk,"P.O. Box 147, 1615 Nonummy Avenue",auctorvelit,4,12/15/2023 18:57,Closed
288,eliterat,sagittis@google.com,1283 Ut Av.,pedeet,5,4/2/2024 21:45,Closed
289,maurisrhoncus,venenatis.vel@yahoo.org,"P.O. Box 569, 1317 Ut St.",sitametconsectetuer,5,8/5/2020 5:10,Closed
290,Donecelementum,in.aliquet@yahoo.couk,"P.O. Box 139, 6367 Elit Av.",primisin,3,3/21/2021 1:09,Closed
291,enimcondimentum,molestie.in@hotmail.org,Ap #431-6445 Sed St.,tempuseu,2,4/12/2022 8:29,Open
292,Morbiaccumsan,elit@yahoo.edu,Ap #802-1313 Sit Road,sitamet,1,5/23/2022 23:26,Open
293,urnaet,dolor.egestas.rhoncus@outlook.net,Ap #231-5021 Risus. Road,Sednec,3,7/18/2022 20:28,Open
294,arcuiaculis,faucibus.ut@hotmail.com,Ap #201-720 Egestas Ave,faucibusut,2,12/25/2023 13:02,Open
295,nonbibendum,ut.tincidunt@outlook.edu,260-8221 Eget Rd.,diamSed,4,12/18/2020 11:10,Open
296,estarcu,vivamus.non.lorem@hotmail.net,"Ap #453-4208 Vestibulum, Street",DonecegestasAliquam,2,11/25/2020 23:10,Closed
297,velest,erat.nonummy@google.ca,320-7471 Sem Rd.,parturient,4,12/6/2023 8:39,Open
298,acnulla,semper.tellus.id@yahoo.couk,9767 Lectus St.,volutpatornare,2,6/3/2021 23:17,Open
299,leoVivamus,volutpat.nulla@protonmail.couk,"P.O. Box 760, 6740 Velit Street",tristiquepharetra,5,2/24/2022 17:19,Closed
300,fringillaDonec,semper.rutrum@aol.org,273-2375 Ad Street,erosProin,5,12/5/2021 4:33,Closed
301,faucibusorci,massa.non@icloud.org,607-976 Mi Av.,habitant,2,8/2/2022 13:36,Open
302,tinciduntorci,iaculis.lacus.pede@yahoo.ca,Ap #343-442 Sed Street,magnamalesuadavel,3,9/25/2020 5:20,Closed
303,dignissimtempor,aliquet.metus@yahoo.org,"Ap #231-6905 Quis, St.",ipsum,4,8/1/2023 0:40,Closed
304,tristiquealiquet,et.magnis@google.net,"Ap #711-3392 Iaculis, Road",feugiatnonlobortis,4,8/15/2023 16:29,Open
305,etultrices,facilisis.eget.ipsum@google.edu,Ap #288-6063 Quis Rd.,aptenttaciti,4,2/28/2024 13:14,Open
306,Nuncsed,etiam@yahoo.net,Ap #285-9405 In Street,quam,3,1/26/2021 14:02,Open
307,vitaesodales,ridiculus.mus.proin@outlook.ca,996-6829 Urna. Rd.,noncursus,4,6/17/2021 6:18,Open
308,scelerisquedui,non.vestibulum@protonmail.net,"273-1069 Vulputate, Avenue",accumsannequeet,3,6/15/2021 0:33,Open
309,sitamet,quis.arcu.vel@protonmail.org,"P.O. Box 194, 1873 Auctor, Av.",nonmagnaNam,3,11/9/2023 8:46,Closed
310,Nuncac,velit.eu@yahoo.couk,"P.O. Box 119, 6791 Lectus Road",pede,5,5/25/2021 11:52,Open
311,Integermollis,lacus@yahoo.couk,4849 Eleifend Ave,porttitorscelerisque,4,11/2/2023 3:41,Closed
312,etmalesuada,auctor@icloud.net,Ap #111-2732 Facilisis St.,nuncidenim,1,11/5/2022 9:38,Closed
313,nisia,enim.diam@aol.net,9128 Nunc Road,ultriciesdignissimlacus,2,9/30/2023 23:58,Closed
314,feugiatLorem,metus.vitae.velit@google.ca,1650 Et Rd.,condimentumegetvolutpat,1,6/7/2020 2:22,Closed
315,Curabituregestas,erat.volutpat@yahoo.net,Ap #310-4466 In Rd.,pedeac,3,10/21/2022 19:11,Closed
316,turpisnec,et.malesuada@google.edu,"P.O. Box 859, 1542 Suscipit Ave",vestibulumMauris,4,12/1/2020 19:34,Closed
317,velarcu,elementum@google.couk,"Ap #431-3297 In, Rd.",Aeneanegetmetus,4,4/19/2021 0:14,Open
318,lobortisClass,ante@google.org,172-3117 Donec Av.,porttitortellusnon,2,12/14/2021 17:52,Closed
319,Pellentesqueultricies,pede.ac.urna@aol.edu,"P.O. Box 319, 6923 Mi St.",enim,2,7/22/2021 18:22,Closed
320,laciniaat,elit@yahoo.org,Ap #296-6511 Neque Rd.,enimnisl,2,1/10/2022 1:47,Closed
321,afeugiat,sed@yahoo.couk,"P.O. Box 542, 1091 Pellentesque, Street",nonhendrerit,4,1/1/2021 6:33,Open
322,imperdietornare,proin.mi@google.ca,"Ap #647-581 Ut, St.",Nullamlobortisquam,4,10/9/2020 6:23,Closed
323,feugiatSed,sed@yahoo.ca,Ap #977-2469 Quam St.,amet,3,11/29/2022 15:16,Open
324,lacusCras,cursus@aol.couk,206-3027 Ipsum. Rd.,dictumPhasellusin,4,5/21/2021 17:55,Closed
325,mollisInteger,vel@google.net,"Ap #239-5010 Aliquam, Rd.",interdumNunc,1,4/1/2022 13:11,Closed
326,perconubia,quisque@yahoo.net,883-2325 Mauris St.,magnaUt,2,8/10/2022 18:40,Open
327,placerateget,sed.facilisis@google.ca,611-6530 Sem St.,at,1,12/16/2023 8:09,Open
328,ametdiam,leo.cras@google.org,Ap #646-1661 Mollis. Av.,laciniaSed,3,12/14/2022 17:23,Closed
329,Aliquamnisl,cras.vulputate@outlook.edu,819-5626 Nunc Road,sedpede,5,4/4/2024 14:57,Closed
330,afelis,volutpat@protonmail.couk,613-2451 Eleifend Avenue,blanditmattis,1,3/4/2022 11:09,Open
331,sitamet,amet@hotmail.couk,351-7064 Suspendisse St.,Nunclaoreetlectus,5,4/20/2023 14:06,Open
332,Aeneaneuismod,amet.ornare.lectus@protonmail.org,Ap #316-4867 Ut St.,pede,4,7/29/2020 4:37,Closed
333,Nunccommodo,lectus@icloud.ca,750-2093 Phasellus Rd.,eutellus,3,10/25/2022 14:48,Open
334,nullaante,nec.tempus@outlook.couk,696-5959 Sit Ave,arcu,5,1/25/2024 23:06,Open
335,euismodurna,eget.volutpat@google.org,8981 Magnis Rd.,vulputate,4,7/9/2022 5:03,Open
336,ornarelibero,fringilla.porttitor.vulputate@google.couk,820-3994 Pellentesque Av.,gravidamolestie,1,6/8/2021 11:54,Closed
337,sociisnatoque,luctus.sit.amet@outlook.net,Ap #969-9597 Ut Rd.,nequeMorbi,5,12/15/2022 4:04,Open
338,massaSuspendisse,sagittis.felis@outlook.ca,"P.O. Box 136, 9066 Nullam Street",ridiculusmus,2,2/18/2023 10:08,Closed
339,tinciduntorci,duis.sit@aol.ca,Ap #921-5312 Litora Ave,consequatnecmollis,4,1/2/2021 17:42,Open
340,massarutrum,tortor@google.com,6840 Adipiscing Rd.,nunc,1,3/14/2024 1:42,Closed
341,morbitristique,enim.nisl.elementum@icloud.org,Ap #107-1159 Porttitor Street,cursus,3,8/8/2022 16:00,Open
342,lectusCum,ullamcorper.eu@icloud.couk,Ap #484-2875 Semper Rd.,NullamnislMaecenas,4,7/10/2020 18:17,Closed
343,milorem,nibh.sit@protonmail.net,Ap #597-3490 Parturient Rd.,molestietortornibh,2,8/30/2023 11:09,Open
344,sollicitudinorci,auctor.non@outlook.com,539-4888 Nam Road,facilisisSuspendisse,4,12/18/2023 15:00,Closed
345,Nuncsed,consectetuer.rhoncus.nullam@hotmail.edu,"P.O. Box 869, 6841 Nibh. Avenue",ipsumporta,2,2/22/2022 17:41,Closed
346,metusVivamus,elit.fermentum.risus@hotmail.org,677-9220 Non Rd.,tellusimperdiet,3,4/5/2021 10:56,Closed
347,arcuVivamus,amet.faucibus@yahoo.edu,Ap #584-2420 Proin Street,Uttincidunt,1,4/23/2022 12:43,Open
348,egestasa,tortor.dictum@protonmail.com,Ap #480-9976 Vel St.,ornareelitelit,2,12/29/2020 23:22,Closed
349,intempus,ut.semper@hotmail.com,3322 Ac Rd.,penatibusetmagnis,4,8/16/2022 7:43,Open
350,Nullainterdum,consectetuer.adipiscing@outlook.edu,426-117 Elementum Road,consectetuer,5,10/16/2023 6:46,Open
351,mitempor,quis.pede@aol.net,"Ap #523-9100 Elit, Ave",sociisnatoque,1,1/26/2023 8:29,Closed
352,velitPellentesque,faucibus.lectus.a@google.edu,366-8131 Dictum St.,ultricesVivamus,5,12/14/2023 0:53,Closed
353,Duiselementum,ipsum.suspendisse@protonmail.org,944-9608 Molestie St.,mauris,1,2/15/2022 7:32,Closed
354,Aliquamtincidunt,consectetuer.mauris@yahoo.com,"P.O. Box 175, 6084 Mauris. Avenue",euligula,1,12/8/2022 15:30,Closed
355,magnatellus,tellus@aol.com,Ap #871-832 Condimentum. Street,gravidasit,1,2/12/2022 18:45,Closed
356,liberoProin,montes.nascetur@protonmail.org,"P.O. Box 958, 3657 Proin Avenue",lectusante,4,1/1/2021 17:36,Closed
357,Etiamvestibulum,a.purus@hotmail.edu,3581 Est Road,purussapiengravida,2,11/19/2023 23:23,Closed
358,Sedcongue,purus.accumsan.interdum@outlook.edu,Ap #810-8144 Augue Av.,eu,4,8/7/2020 2:30,Closed
359,elementumpurus,vehicula.aliquet.libero@aol.couk,1029 Fermentum Av.,pedeCras,5,5/27/2023 21:32,Closed
360,magnisdis,at.iaculis.quis@aol.couk,Ap #390-4154 Nunc Ave,rutrumurna,4,4/7/2023 22:49,Open
361,Etiambibendum,montes.nascetur.ridiculus@icloud.org,Ap #977-9928 Dolor Avenue,velit,4,6/1/2022 5:22,Open
362,auctorodio,ultrices.a@aol.ca,"P.O. Box 144, 6266 Sed Ave",Donectempus,4,4/15/2022 6:48,Open
363,tellusAenean,magna.sed@protonmail.net,"Ap #349-8252 Pellentesque, St.",et,4,7/24/2023 19:30,Open
364,Sedmolestie,fames.ac@outlook.com,567-3176 Integer Street,nequeetnunc,4,6/1/2020 22:18,Closed
365,milorem,velit@hotmail.net,Ap #870-2407 Adipiscing Road,Quisque,4,5/23/2022 3:05,Open
366,Nullamenim,orci@icloud.com,"1108 Amet, Rd.",id,1,2/21/2021 6:00,Open
367,sodaleselit,velit.eu@icloud.edu,"P.O. Box 813, 7171 Nec Ave",metussitamet,3,11/12/2021 5:37,Closed
368,ascelerisque,nunc@icloud.org,938-2770 Metus Rd.,gravidaAliquam,4,2/24/2021 14:44,Open
369,consequatnec,tristique.aliquet.phasellus@google.com,849-5539 Sed Avenue,Praesenteu,4,9/25/2021 9:46,Closed
370,nibhlacinia,convallis.convallis@outlook.com,877-2038 Dolor. Rd.,Fuscealiquam,2,7/11/2023 4:41,Closed
371,Nuncmauris,consectetuer@protonmail.org,985-658 Nisi Road,nibhenim,4,10/7/2023 2:28,Open
372,orciquis,et.pede@protonmail.net,"433-4886 Vulputate, St.",adipiscing,3,5/1/2022 12:48,Closed
373,infaucibus,phasellus.elit@icloud.net,781-7869 Lacus St.,nectempusmauris,2,6/4/2021 8:32,Closed
374,justoeu,nulla.facilisi.sed@yahoo.ca,"P.O. Box 885, 663 Congue Avenue",commodotincidunt,4,8/12/2020 2:52,Open
375,liberoest,sem@yahoo.edu,Ap #676-5191 Dolor Street,consectetueradipiscing,5,4/9/2023 0:10,Closed
376,Vestibulumante,purus.in.molestie@icloud.ca,Ap #773-9602 Vitae St.,ligulaAeneangravida,5,10/24/2022 5:31,Closed
377,sollicitudinorci,tincidunt@outlook.couk,"Ap #994-6972 Pede, Avenue",Integeridmagna,2,6/16/2023 17:18,Open
378,nonmassa,non.bibendum@icloud.org,382-8202 At Avenue,etnunc,3,5/6/2020 16:08,Open
379,pretiumet,risus.quisque.libero@hotmail.edu,355-2674 Eleifend Av.,risus,4,2/27/2023 15:46,Open
380,nonummyFusce,dictum.eu@hotmail.com,Ap #635-251 Tincidunt. Street,estmauris,2,1/16/2022 14:12,Open
381,dolorFusce,tincidunt.nunc.ac@google.com,747-1233 Vitae Street,liberomaurisaliquam,2,1/31/2022 22:25,Open
382,ametluctus,cras.vehicula@hotmail.org,"Ap #708-1806 Id, Road",Proin,1,10/21/2020 12:55,Closed
383,Sedauctor,pede.malesuada@aol.com,8621 Euismod Avenue,convallisestvitae,1,10/7/2023 15:14,Open
384,Etiamligula,elementum.at@icloud.com,1632 Lobortis St.,commodo,2,8/30/2021 2:08,Closed
385,nequeet,magna.lorem@google.ca,Ap #404-3627 Sodales Rd.,vitaenibh,5,9/10/2020 2:34,Closed
386,arcuimperdiet,ultrices@yahoo.com,Ap #122-6201 Mi Road,velfaucibus,3,7/15/2020 12:22,Closed
387,Quisqueporttitor,enim.condimentum@icloud.net,655-3405 Ultrices St.,orciquis,2,12/27/2023 9:25,Open
388,lectusCum,purus.sapien@outlook.edu,965 Leo. Avenue,dignissimtempor,3,12/18/2023 16:12,Open
389,massaSuspendisse,nunc@hotmail.net,"Ap #774-379 Suscipit, Road",nisi,3,4/2/2022 18:18,Open
390,habitantmorbi,mauris@hotmail.net,493-5740 Nunc Street,mi,5,8/18/2021 23:00,Open
391,hendrerita,a.enim@google.edu,Ap #241-8241 Aenean Avenue,acmattis,3,2/15/2021 8:21,Open
392,Duisvolutpat,consectetuer.mauris@aol.edu,9418 Suspendisse Rd.,quis,2,6/26/2020 2:19,Closed
393,Craseget,dolor.dapibus@icloud.edu,"287-1297 Tortor, Ave",velitegetlaoreet,1,1/3/2023 1:39,Open
394,egetdictum,fusce.mollis.duis@protonmail.couk,"397-1556 Sed, Road",nequeNullam,3,6/7/2021 2:26,Open
395,auctorMauris,molestie.pharetra.nibh@protonmail.com,392-2643 Et Av.,magna,1,5/24/2020 9:33,Open
396,dolorQuisque,lobortis.ultrices@icloud.couk,Ap #962-5372 Sem. St.,tristique,3,1/16/2021 17:24,Open
397,cursusa,accumsan.convallis@protonmail.org,458-407 Fusce Ave,luctus,3,5/11/2022 13:03,Closed
398,luctusCurabitur,felis.purus.ac@aol.org,Ap #326-3493 Nulla Rd.,tinciduntorci,1,5/26/2020 22:39,Open
399,tinciduntDonec,duis.elementum.dui@hotmail.org,Ap #451-9536 Duis Street,mollisnec,4,4/10/2024 23:11,Open
400,egetodio,non@hotmail.com,Ap #868-2195 Sit Avenue,suscipit,3,2/27/2023 23:56,Open
401,liberoProin,netus.et.malesuada@google.org,1536 Mauris St.,maurisipsum,5,5/4/2020 1:41,Closed
402,euismodenim,purus.nullam@google.net,Ap #779-5940 Nunc Avenue,nunc,3,12/15/2023 5:15,Open
403,orcisem,vestibulum.ante@yahoo.couk,Ap #361-5706 Mi Av.,etultricesposuere,1,12/8/2023 7:28,Open
404,facilisiseget,integer.id@aol.net,885-6298 Elit. Street,Duisa,3,6/30/2021 20:43,Closed
405,eteuismod,sed.tortor@aol.net,"187-2960 Laoreet, Avenue",Nullam,1,7/15/2021 2:36,Open
406,tincidunttempus,phasellus.ornare.fusce@yahoo.ca,Ap #265-4885 Ut Av.,elitpede,1,6/29/2022 3:56,Closed
407,quamCurabitur,dictum.mi.ac@yahoo.org,905-9488 Neque. St.,Vivamus,4,5/22/2023 21:38,Open
408,laoreetipsum,a@icloud.org,Ap #814-5943 Sociis Rd.,sociisnatoquepenatibus,5,7/1/2022 15:46,Closed
409,magnaDuis,egestas@google.ca,"778-4896 Vel, Street",odiotristique,2,12/6/2020 8:42,Open
410,Loremipsum,suspendisse.aliquet@aol.couk,"P.O. Box 769, 615 Leo, Road",orci,4,4/28/2023 15:45,Closed
411,tortornibh,a.feugiat@outlook.net,117-2821 Faucibus Street,imperdiet,4,5/29/2021 1:40,Closed
412,turpisvitae,sed.pharetra@icloud.couk,"P.O. Box 899, 8983 Arcu. Ave",nisi,4,5/11/2021 8:45,Open
413,acturpis,ut.quam.vel@outlook.org,"822-8777 Dui, Rd.",Duis,3,8/14/2023 0:54,Open
414,vulputaterisus,vel.pede@icloud.ca,3955 Consectetuer St.,tortorInteger,5,9/24/2020 16:22,Open
415,euerat,sagittis@google.com,6217 Nunc Street,feugiatSed,1,12/14/2023 18:01,Open
416,Crassed,vulputate.mauris@hotmail.edu,"P.O. Box 962, 7697 Morbi Ave",pede,3,12/2/2020 6:27,Open
417,commodohendrerit,lacus.quisque@google.org,6229 Volutpat. Road,egetvenenatis,4,6/27/2020 11:48,Open
418,sitamet,tempor.diam.dictum@icloud.org,"P.O. Box 810, 9077 Duis Rd.",erat,3,6/2/2021 14:18,Open
419,anteNunc,ullamcorper@protonmail.ca,722-7328 Lectus Ave,mollisPhaselluslibero,3,11/10/2021 14:47,Closed
420,dictumProin,a.malesuada@aol.couk,"P.O. Box 844, 5700 A Rd.",orcilacusvestibulum,1,6/17/2021 16:25,Open
421,Nuncac,metus.vitae@icloud.net,736-2877 Nisi St.,Lorem,1,2/10/2023 4:51,Closed
422,sedsem,in@protonmail.com,Ap #629-7835 Adipiscing St.,Cumsociis,4,12/11/2022 22:56,Closed
423,sedorci,nunc.pulvinar@hotmail.edu,971-2277 Libero St.,dictum,1,4/12/2022 19:07,Open
424,inaliquet,nisl.arcu@icloud.org,1407 Et St.,egestasnuncsed,2,5/7/2023 6:51,Open
425,ultricesposuere,in.dolor.fusce@outlook.edu,"4174 Non, Avenue",aliquet,3,1/13/2022 15:33,Closed
426,magnaNam,auctor.velit.eget@hotmail.org,"P.O. Box 167, 5459 Vitae, Rd.",risusatfringilla,4,10/29/2023 12:35,Closed
427,etmalesuada,vel@icloud.edu,Ap #920-6805 Venenatis Road,eu,4,5/13/2022 12:20,Closed
428,Pellentesqueut,turpis@icloud.org,1455 Blandit Rd.,odioPhasellusat,5,10/19/2020 10:39,Closed
429,miac,ipsum.nunc@yahoo.com,415-5129 Maecenas Rd.,massaQuisqueporttitor,4,10/30/2020 1:41,Closed
430,etpede,id.libero.donec@hotmail.edu,Ap #422-5251 Ut Ave,Aenean,1,5/20/2020 11:05,Closed
431,risusDonec,fermentum.vel@google.com,"P.O. Box 628, 5633 Rutrum. St.",at,5,3/12/2024 22:46,Open
432,quisaccumsan,cras.lorem@outlook.couk,"696-8165 Quis, Road",purusNullam,5,8/19/2022 2:05,Closed
433,Duisa,dictum.placerat@aol.edu,950-8710 Enim Street,doloregestasrhoncus,3,3/28/2021 12:49,Open
434,justonec,et@aol.net,Ap #642-4099 Risus. Av.,ridiculusmusProin,4,6/8/2021 12:49,Closed
435,ametdiam,hendrerit.id@protonmail.ca,896-839 Velit. Avenue,velvulputate,2,5/2/2024 2:58,Open
436,lacusUt,lectus.convallis@icloud.net,1807 Mi Street,etnuncQuisque,1,4/7/2021 6:16,Closed
437,diamlorem,diam@icloud.edu,"P.O. Box 645, 6109 Metus. Rd.",eumetus,3,10/13/2020 23:13,Open
438,orcisem,sed.eget@google.edu,Ap #186-6421 Ut Rd.,magnaSuspendisse,3,4/13/2024 0:49,Closed
439,nuncsed,imperdiet.erat@icloud.net,Ap #352-9706 Donec Rd.,Aliquamfringilla,1,7/21/2023 23:46,Closed
440,Nullamsuscipit,mi.eleifend.egestas@yahoo.org,Ap #946-5482 Ac Av.,duiinsodales,5,12/15/2023 4:42,Open
441,Etiamligula,quis.massa@outlook.org,Ap #447-1837 Etiam Av.,Nunclectus,5,11/1/2021 5:32,Open
442,Nullamlobortis,aliquam.ornare@aol.couk,Ap #162-9159 Ipsum Rd.,nonnisi,3,11/29/2020 8:14,Open
443,nuncullamcorper,laoreet@hotmail.net,"660-3534 Laoreet, Road",Mauriseu,1,6/4/2023 0:15,Open
444,interdumfeugiat,donec@icloud.com,219-1245 Ut St.,eu,4,8/6/2020 17:32,Closed
445,purusgravida,libero.morbi.accumsan@aol.ca,Ap #544-9149 Egestas Rd.,lectussitamet,4,4/30/2023 20:30,Closed
446,arcuNunc,urna@icloud.com,751-7996 Sit Road,Duis,3,3/21/2024 7:54,Open
447,dolordapibus,ac.turpis.egestas@yahoo.org,537-1413 Lacus. Ave,musProin,1,10/1/2020 5:58,Closed
448,sedsapien,aliquet.metus@hotmail.com,325-3256 Libero Street,molestie,2,11/9/2021 19:13,Open
449,tacitisociosqu,auctor@protonmail.edu,Ap #845-3756 Nisl. St.,sedsem,3,10/10/2023 20:22,Closed
450,enimCurabitur,vel.arcu.eu@hotmail.org,831-5924 Morbi St.,dignissim,3,7/22/2021 22:28,Closed
451,euarcu,nunc.ut.erat@yahoo.com,3597 Nonummy. Ave,sitamet,3,11/17/2022 17:34,Open
452,erosturpis,diam.pellentesque@icloud.com,9648 Feugiat. St.,Crassedleo,2,1/22/2021 14:29,Open
453,nisia,mollis@hotmail.couk,5447 Mauris St.,lobortisauguescelerisque,2,9/12/2020 0:39,Closed
454,Integermollis,dictum.eu@icloud.net,211-2533 Eu Avenue,Donec,2,1/22/2023 6:38,Open
455,sociisnatoque,elit.dictum@hotmail.com,9890 Faucibus Av.,Classaptent,2,5/4/2020 16:10,Closed
456,netuset,ligula.aenean.gravida@outlook.com,943-6346 Sed Av.,Nullatempor,4,1/18/2024 9:15,Closed
457,estarcu,cursus.et.magna@yahoo.ca,Ap #261-6575 Orci. Rd.,metusurnaconvallis,3,2/2/2021 21:53,Open
458,loremluctus,sed.neque.sed@yahoo.com,2776 Ut Av.,tincidunt,4,1/27/2023 11:56,Open
459,vitaediam,ultricies@google.net,Ap #327-2688 Fusce Rd.,magna,4,5/21/2022 15:57,Closed
460,laoreetipsum,nisl@yahoo.ca,558-2102 Tellus Rd.,nibh,2,4/3/2022 2:07,Open
461,Phasellusdolor,nunc.sit.amet@google.org,Ap #550-3304 Nibh. Road,acorciUt,4,3/30/2021 9:37,Open
462,orciquis,integer@outlook.org,"778-3443 Non, Road",Quisque,5,2/20/2024 4:52,Closed
463,montesnascetur,mauris@hotmail.edu,737-3682 Adipiscing Avenue,turpisNulla,5,12/2/2023 8:56,Open
464,congueturpis,lorem.vitae.odio@protonmail.net,"P.O. Box 276, 1922 Quam Av.",nunc,5,6/23/2020 16:56,Open
465,lectusa,sit@outlook.com,Ap #456-7457 Suscipit Ave,magnisdis,1,7/30/2020 4:05,Closed
466,dictummagna,habitant.morbi@protonmail.com,Ap #151-2332 Ullamcorper Rd.,sem,2,8/29/2021 1:56,Open
467,acorci,ante@yahoo.org,7166 Congue Rd.,amet,5,1/3/2022 23:48,Closed
468,montesnascetur,nunc.sed@hotmail.edu,942-2773 Ridiculus Road,vitaeeratvel,3,8/14/2020 2:52,Open
469,liberomauris,volutpat.nulla@aol.org,Ap #771-4602 Morbi Avenue,euligulaAenean,1,11/8/2022 5:39,Closed
470,Loremipsum,lorem.ipsum@icloud.com,Ap #586-4822 Semper Ave,Vestibulumaccumsan,3,6/15/2022 15:42,Open
471,venenatislacus,phasellus.elit.pede@protonmail.net,Ap #115-3429 Proin Road,etnetus,3,9/14/2021 0:36,Closed
472,ridiculusmus,proin.eget@protonmail.com,"384-9446 Odio, Ave",estmaurisrhoncus,2,11/30/2023 7:40,Open
473,lacusUt,nunc.sed.libero@aol.ca,"492-7962 Tempor, Av.",duiinsodales,3,3/10/2024 13:17,Open
474,dignissimlacus,et.arcu@hotmail.com,Ap #242-5433 Tempus St.,Loremipsumdolor,5,12/30/2020 23:52,Closed
475,vitaedolor,donec.luctus@google.edu,Ap #543-546 Ipsum St.,estmaurisrhoncus,1,3/4/2021 4:37,Open
476,ametrisus,pede.ac@aol.net,Ap #382-7271 Nullam Street,NullamnislMaecenas,4,11/18/2020 0:49,Open
477,aauctor,ante.ipsum.primis@outlook.org,265 Proin Street,vulputateeu,3,1/31/2023 10:44,Open
478,auctorodio,in.at@hotmail.edu,Ap #448-8492 Auctor Avenue,sitamet,3,1/5/2023 15:36,Closed
479,cursuspurus,purus.mauris@outlook.couk,547-2843 Faucibus Avenue,ipsumsodalespurus,5,4/6/2023 23:46,Open
480,tortorInteger,suspendisse.aliquet@hotmail.net,630-4807 Rutrum St.,odiovel,3,3/23/2024 4:57,Closed
481,etmalesuada,mauris.id@yahoo.ca,Ap #800-9584 Ad Rd.,sitametconsectetuer,5,6/30/2023 6:23,Closed
482,fringillapurus,congue.elit@google.org,139 Vel Rd.,ornare,5,11/21/2023 0:37,Open
483,luctusvulputate,aliquet.nec.imperdiet@aol.edu,"P.O. Box 299, 9071 Ut, Rd.",vitaerisusDuis,2,1/12/2024 8:18,Open
484,eratvel,vivamus@hotmail.com,Ap #261-1473 Morbi Road,sodalespurus,5,5/26/2020 18:52,Closed
485,arcuVestibulum,in@outlook.edu,649-4793 Non Road,iaculislacus,1,7/6/2021 20:32,Open
486,sodaleselit,leo.vivamus@aol.com,9761 Duis Rd.,id,5,4/21/2023 14:46,Closed
487,semPellentesque,magna.sed@yahoo.net,"Ap #884-9055 Elit, Street",lacinia,4,10/17/2022 11:41,Closed
488,duiSuspendisse,nec.tempus@outlook.ca,"Ap #281-1672 Enim, Ave",egestas,4,5/8/2021 8:52,Open
489,Aeneangravida,ornare.lectus@protonmail.ca,"P.O. Box 421, 345 Non, Rd.",pede,3,12/10/2020 21:02,Open
490,orcitincidunt,maecenas.malesuada@hotmail.net,710-9237 Justo Rd.,nequeSed,3,2/13/2022 18:17,Open
491,pedeCras,turpis.egestas@yahoo.ca,696-6132 Fringilla Road,nislsemconsequat,1,5/10/2022 11:24,Open
492,mollisInteger,eleifend.nunc@yahoo.net,Ap #854-6091 Augue Avenue,arcuMorbi,2,9/27/2023 10:24,Closed
493,sedconsequat,eleifend@outlook.com,904-5907 Eget Ave,nullaIn,4,6/21/2021 0:57,Open
494,euturpis,facilisis.vitae@google.com,"P.O. Box 499, 2367 Nec Road",utquamvel,3,10/5/2022 4:58,Open
495,metusAliquam,sem.vitae@hotmail.org,163-8712 Nunc Rd.,Quisquetincidunt,2,4/8/2022 14:04,Closed
496,mollisvitae,in.lorem@protonmail.net,Ap #499-9017 Massa Street,afelis,5,9/7/2020 9:00,Open
497,ettristique,ipsum.primis@yahoo.couk,9243 Scelerisque St.,Praesenteu,3,6/23/2021 7:57,Closed
498,Donecnibh,arcu.eu@hotmail.org,Ap #177-6217 Eget Av.,Donecsollicitudinadipiscing,3,9/21/2021 9:07,Closed
499,odioNam,tempus.lorem@protonmail.net,Ap #560-3560 Interdum. Avenue,In,5,2/25/2024 12:34,Closed
500,Integervitae,hendrerit.consectetuer@protonmail.net,"Ap #975-7988 A, Av.",etrutrum,3,8/23/2022 0:51,Closed
