user_id,username,email,address.street,address.city,address.state,address.zip,password,user_type,date_registered,account_status
100000,Erica Barber,ac.mattis.ornare@google.edu,Florida,Knoxville,Wyoming,93317,OSN07OUQ9OY,Business,06-08-24,Closed
100001,Quinlan Parsons,neque@protonmail.ca,Alabama,Spokane,Colorado,27928,UBX53KPY5DO,Business,13-06-23,Open
100002,Kenneth Joyce,diam.sed.diam@aol.ca,Maryland,Kansas City,Kentucky,86659,UIB32TPU5KL,Personal,06-04-24,Closed
100003,Allistair Acosta,quis.tristique@yahoo.couk,Utah,Omaha,Vermont,87703,CUT46ZBA4YG,Personal,18-10-23,Open
100004,Yoshi Carver,in@aol.ca,Iowa,Hartford,Pennsylvania,99527,XNR80FMN3IY,Business,04-09-23,Open
100005,Mari Hanson,odio.a.purus@outlook.com,Alaska,Newport News,Idaho,23350,NDB15LKY3WI,Personal,30-01-24,Closed
100006,Breanna Bentley,non.arcu@yahoo.ca,Vermont,Toledo,Arkansas,36626,PQV31GNW1JW,Personal,02-05-24,Closed
100007,Aimee Soto,facilisis@aol.edu,Massachusetts,Milwaukee,Montana,71931,QUB07ZCL3CS,Business,10-05-24,Closed
100008,Tyler Griffin,parturient.montes.nascetur@outlook.org,Oregon,Portland,Alaska,87567,EKQ72YLB0JP,Business,26-05-24,Closed
100009,Colby Jordan,consequat.enim@google.com,Massachusetts,Metairie,Idaho,45348,TUO23SBA6CN,Personal,31-01-24,Open
100010,Valentine Moran,pellentesque.tincidunt@google.edu,Mississippi,West Jordan,Mississippi,98921,OIH57SJS9LD,Business,25-05-24,Open
100011,Ora Case,justo.eu@hotmail.ca,Nebraska,Tuscaloosa,Tennessee,26418,ASN96XWN5ZL,Personal,19-05-23,Open
100012,Jemima Welch,iaculis@yahoo.com,Oregon,Madison,Florida,39586,CDU39QOB3FV,Business,20-01-24,Open
100013,Aaron Wolfe,velit.egestas@icloud.couk,Wisconsin,Jefferson City,Michigan,94021,MZW60OLX4PU,Business,12-11-23,Open
100014,Nelle Flynn,neque.non@hotmail.edu,Vermont,Fort Worth,Wisconsin,77148,QUS91XQU7HE,Business,07-05-23,Open
100015,Dieter Frederick,sem.magna.nec@google.ca,Wisconsin,Chesapeake,Alaska,85666,ZHP77VMJ2JB,Personal,05-10-24,Closed
100016,Vance Herrera,tempor.lorem@icloud.couk,Hawaii,Grand Island,Montana,41287,ONU11OXQ4GL,Business,07-05-23,Open
100017,Wing Sexton,orci@google.org,Massachusetts,Tulsa,Wyoming,85400,FQF60CWI5GC,Personal,18-11-23,Closed
100018,Plato Simmons,urna.suscipit.nonummy@aol.com,Washington,Lafayette,Kansas,63426,VSM71THW7NG,Personal,01-01-24,Closed
100019,Kim Sloan,metus@protonmail.org,Louisiana,Pike Creek,Indiana,45983,JGG57UYG1RW,Personal,06-03-25,Closed
100020,Zeus Ratliff,ante@icloud.ca,Ohio,Kansas City,Colorado,15265,VCX28QOX4WZ,Personal,22-10-23,Open
100021,Damian Dixon,quis.tristique@google.net,Maryland,Idaho Falls,Alaska,72732,HOP72UZG0MY,Business,19-11-24,Closed
100022,Desiree Hobbs,erat.etiam.vestibulum@hotmail.org,Massachusetts,Ketchikan,Ohio,85657,HKT46JNV0KL,Personal,17-05-23,Open
100023,Uriel Silva,molestie@google.net,Alabama,Virginia Beach,Idaho,33337,FXO18FHC8XJ,Personal,30-11-23,Closed
100024,Quynn Flores,sit.amet@hotmail.net,Mississippi,Montpelier,Missouri,94274,HLO11PBL3AI,Personal,04-05-24,Closed
100025,Nissim Vasquez,sem.elit.pharetra@aol.edu,Delaware,Kailua,California,25962,ZIL50LUM5WG,Personal,25-05-24,Open
100026,Keane Knapp,mi.ac@aol.edu,Virginia,Houston,Iowa,63621,GMW45HHP1WI,Business,15-10-24,Open
100027,Rhonda Romero,ultrices@yahoo.ca,Kentucky,Eugene,Maine,92949,JIR63XBX5XG,Business,19-12-24,Closed
100028,Linda Estes,amet.ornare@google.ca,Arkansas,Rockford,Missouri,57746,ONU32NTA3YR,Business,14-05-24,Open
100029,Cain Bird,tellus.sem@hotmail.net,Minnesota,Wilmington,Colorado,78312,THF87YUP3SI,Personal,03-01-25,Open
100030,Kelly Moran,sed@icloud.net,Montana,Kearney,Tennessee,52173,JLD04DXN1CQ,Business,02-06-24,Open
100031,Hashim Yates,nec.ante@yahoo.edu,Louisiana,Tuscaloosa,Oregon,86636,SIU28TST8VQ,Personal,11-05-24,Open
100032,Aidan Cochran,elit@icloud.net,Kentucky,Worcester,Minnesota,45294,EZQ31UBK1VV,Business,22-09-24,Closed
100033,Phillip Santana,suspendisse.non@protonmail.couk,Oklahoma,Pocatello,Arkansas,41424,OVX26HLQ3WX,Personal,03-03-24,Open
100034,Dorian Castillo,lorem.vehicula@google.org,Nevada,Salem,Kansas,82618,MRN57USS9MT,Personal,18-02-25,Open
100035,Myles Nichols,enim.nisl.elementum@outlook.com,Arizona,Bloomington,Idaho,73349,DZW43LSH4ZH,Business,15-07-23,Open
100036,Russell Simon,mollis.integer@outlook.edu,Oklahoma,Hillsboro,Hawaii,68469,NFA54LDG4FY,Business,09-12-24,Open
100037,Yael Gill,integer@yahoo.net,Georgia,New Haven,Florida,31162,TBW15SJC3ZI,Personal,29-12-23,Closed
100038,Ian Beck,et@protonmail.edu,Maine,Houston,Montana,83113,DXB84RCG6XK,Personal,24-06-23,Open
100039,Leonard Harper,vitae.risus.duis@yahoo.couk,Illinois,South Bend,Missouri,25322,YYS97UTL7CK,Personal,09-02-24,Open
100040,Fuller Holcomb,laoreet.ipsum.curabitur@icloud.couk,Wyoming,South Bend,Delaware,36028,QBQ05YOB8OP,Business,07-01-25,Open
100041,Burton Trujillo,velit.egestas.lacinia@icloud.couk,Pennsylvania,Juneau,Illinois,93876,DVV58SEQ1XJ,Personal,28-08-24,Closed
100042,Aaron Carrillo,metus.eu@aol.com,Wisconsin,Clarksville,Ohio,44832,BSL82RSZ8XE,Personal,30-04-25,Closed
100043,Brynn Dorsey,eu.tellus@protonmail.ca,Maryland,Milwaukee,Massachusetts,85344,ORE22QYO1UJ,Business,13-02-24,Closed
100044,Camille Walker,mattis@outlook.edu,Oklahoma,Tallahassee,Oregon,47883,TQQ15IKI3DF,Business,22-03-25,Open
100045,Chase Cooper,nisi.aenean@outlook.com,Michigan,Chandler,Alabama,32522,FGM16JOD7PV,Business,14-12-24,Open
100046,Shellie Powell,praesent@yahoo.net,Pennsylvania,Bellevue,Kentucky,58102,KXG19OXT9VQ,Personal,17-10-23,Open
100047,Alexander Ryan,ut.tincidunt@icloud.com,Utah,Missoula,Kentucky,62591,GKK83RBE2XH,Personal,09-12-23,Closed
100048,Ezekiel Dillon,cras.dolor@icloud.net,Vermont,Lincoln,Minnesota,66611,KLO65BXX0MY,Business,30-01-24,Open
100049,Kimberly Vincent,sed.id.risus@outlook.couk,Maine,Akron,Connecticut,95148,OYU33POQ6HP,Personal,20-08-23,Closed
100050,Cain Bridges,faucibus.id.libero@google.edu,Oklahoma,Baltimore,Georgia,76485,WEB38OEL5QG,Personal,14-10-23,Open
100051,Merritt Manning,nec@outlook.net,Hawaii,West Valley City,Washington,36474,SET83OBL1RQ,Personal,05-10-23,Open
100052,Ingrid Good,faucibus@yahoo.com,Alabama,Los Angeles,California,58630,BUW33LXX7BO,Personal,24-07-24,Open
100053,Declan Henson,sodales.purus@hotmail.com,Vermont,Dallas,Kentucky,68360,JSI51SKG8GL,Business,18-11-24,Open
100054,Kaseem Lang,risus.nunc@google.ca,Maine,Boston,Idaho,20436,UUW45RXG7TD,Personal,07-08-23,Closed
100055,Kristen Dodson,nullam.vitae@aol.org,Pennsylvania,Ketchikan,Colorado,94866,OFH16CVY4MZ,Personal,04-04-25,Closed
100056,Fiona Guthrie,arcu.imperdiet@aol.couk,Georgia,Springfield,Connecticut,75022,ROV03TBT5RO,Business,23-02-24,Closed
100057,Isadora Allen,non.quam@protonmail.edu,Louisiana,College,Montana,47377,XNO32NQB4CN,Personal,21-11-23,Open
100058,Bernard Dotson,mauris.morbi@yahoo.com,Texas,Sioux City,Arizona,86325,YIV58GFQ1SH,Personal,21-10-23,Closed
100059,Benedict Gibbs,nulla.tempor.augue@yahoo.couk,Maine,Green Bay,California,98143,OLD42VBJ7KQ,Personal,19-09-23,Closed
100060,Tobias Charles,ornare@google.net,Arizona,Springfield,Massachusetts,77194,VLD42PTC7WJ,Personal,21-07-23,Open
100061,Tad Tillman,id.erat@outlook.com,Florida,Denver,Maryland,42937,VXM94YRU7FW,Business,01-01-25,Open
100062,Bert Hamilton,in.at.pede@protonmail.com,Arizona,Bowling Green,Nebraska,53643,FSM86LCN8TL,Business,09-06-24,Closed
100063,Ingrid Meyer,amet.ante.vivamus@yahoo.edu,Mississippi,Helena,Idaho,95888,ZFK60UIM1II,Personal,22-01-24,Open
100064,Isabella Douglas,quisque@outlook.ca,Mississippi,Kansas City,Tennessee,68334,YCB10WTV8FU,Business,03-05-25,Closed
100065,Chanda Galloway,laoreet.libero.et@protonmail.ca,Wyoming,Helena,Wisconsin,27051,HKS77KXZ2LO,Business,03-06-24,Closed
100066,Dacey Moore,quis.turpis@aol.com,Missouri,Bellevue,Massachusetts,18345,DSW97QTS5JG,Personal,21-06-24,Open
100067,Briar Meadows,bibendum.donec@yahoo.couk,Utah,Philadelphia,Vermont,49157,VIX27RRB1VP,Business,02-09-24,Closed
100068,Quemby Martinez,vivamus.nisi@hotmail.net,Georgia,Frederick,Wyoming,99765,NPN82IWN6UF,Business,06-10-23,Closed
100069,Mira Meyers,sed@icloud.net,Connecticut,Pittsburgh,Illinois,25217,EVO41DMW8NC,Personal,07-03-24,Open
100070,Cassidy Koch,sem.vitae.aliquam@protonmail.edu,Missouri,Provo,Louisiana,43353,ZYM11VUT2KO,Personal,23-12-24,Open
100071,Rowan Dyer,nibh.enim@hotmail.ca,Vermont,South Bend,Illinois,56383,EOC29WUH7MP,Personal,20-06-24,Closed
100072,Maxine Wolf,nulla.eu.neque@google.ca,Washington,Cambridge,Nevada,52136,CCO86GIN6NB,Personal,02-02-24,Open
100073,Jerome Gonzales,in.consequat@hotmail.org,Hawaii,Helena,Oklahoma,46587,LFA22GBR8KF,Business,27-08-23,Closed
100074,Garth Knowles,a.dui.cras@hotmail.edu,Vermont,Sioux City,Texas,71171,IJU34DDQ3YQ,Personal,14-07-23,Open
100075,Macaulay Noble,adipiscing.elit.etiam@icloud.net,Tennessee,New Orleans,Massachusetts,65124,IYQ74RAQ7KA,Personal,10-06-23,Open
100076,Emerson Cline,egestas@aol.edu,Tennessee,San Jose,Iowa,77616,NKV11PTU0IU,Personal,20-07-24,Closed
100077,Shelley Donovan,aliquet.sem@outlook.edu,Oklahoma,Aurora,Maryland,33563,FQW57YMV8YQ,Personal,13-02-24,Closed
100078,Leilani Roy,accumsan.laoreet.ipsum@icloud.ca,Iowa,Cincinnati,Hawaii,23848,JUG16NAC7VD,Business,16-01-25,Closed
100079,Jasper Evans,quis.diam@protonmail.org,Nevada,Gaithersburg,Pennsylvania,48581,UYF97JKZ1MH,Business,17-02-25,Open
100080,Lael Watts,mus.proin.vel@icloud.ca,Oklahoma,Dover,Virginia,29334,EXR27SYN6JP,Personal,18-02-24,Open
100081,Kaseem Ruiz,curae.phasellus@hotmail.edu,Hawaii,Rockford,Connecticut,46944,GEC98UMP5ZO,Business,21-06-23,Open
100082,Serena Oliver,metus@protonmail.edu,Ohio,Sacramento,Minnesota,31117,VPU03EAI4VL,Personal,18-10-24,Closed
100083,Benjamin Santana,tortor@icloud.net,Utah,Montpelier,Idaho,36888,WZS37POW4ZN,Personal,08-03-24,Closed
100084,Charissa Cameron,nunc.laoreet@google.net,Connecticut,Lafayette,Washington,14908,TFZ77BSF7DJ,Personal,12-03-24,Open
100085,Teagan Kane,nulla.vulputate.dui@icloud.edu,California,Bellevue,Virginia,49128,OTK64DOI1QW,Personal,26-12-24,Open
100086,Xenos Fry,dictum.sapien.aenean@hotmail.edu,Hawaii,Grand Island,Wyoming,46554,PZP23TTQ1KO,Personal,24-07-24,Closed
100087,Tobias Holloway,tellus@yahoo.ca,California,Missoula,Connecticut,11319,XLY35MHR7MY,Business,31-12-23,Closed
100088,Scarlet Burks,auctor@icloud.ca,Alaska,Laramie,Maryland,36831,VDT68ORE3CH,Business,02-03-25,Closed
100089,Garrett Mcdaniel,eu@protonmail.edu,Michigan,Hartford,Kansas,18657,YMQ17DLN3DL,Business,23-10-24,Open
100090,Eugenia Case,ac.risus@google.edu,Delaware,Minneapolis,Washington,39227,WXN94EZD4LK,Personal,09-08-24,Closed
100091,Mason Williams,semper.cursus@outlook.net,Massachusetts,Columbia,Oklahoma,72791,GGD80NDE5KO,Business,13-06-24,Closed
100092,Grant Delgado,ridiculus.mus.proin@yahoo.net,Minnesota,Baltimore,Vermont,71255,YJJ10MMP6CN,Personal,29-03-25,Closed
100093,Uma Goodman,lorem.auctor@icloud.edu,Hawaii,College,Tennessee,68841,NTR37WYT4RK,Business,08-12-24,Closed
100094,Ocean Tyler,in.condimentum@google.org,Louisiana,Waterbury,Wyoming,81425,VRT58NGW1HO,Personal,14-11-23,Open
100095,Ryan Hopper,sit.amet@protonmail.org,Texas,Aurora,Pennsylvania,84960,ZSF54JPK6MS,Personal,18-06-24,Open
100096,Althea Deleon,et.libero@protonmail.ca,Utah,Lewiston,Oregon,58459,HLV85WYL3WJ,Business,29-03-24,Open
100097,Martha Hood,vel.arcu.eu@icloud.ca,Nevada,Montgomery,Texas,22659,LGH08YFB0IV,Personal,03-02-24,Open
100098,Alec Becker,elementum.dui@google.com,Connecticut,Olympia,Nevada,82301,KLW43AWZ9NQ,Business,28-08-23,Closed
100099,Prescott Leon,risus.donec@yahoo.com,Kansas,North Las Vegas,Virginia,71581,CEI11NWO3IL,Business,12-07-24,Open
100100,Avye Sweet,pellentesque@outlook.edu,Ohio,Bridgeport,Oklahoma,67822,DPL55CSU3SV,Business,10-05-23,Closed
100101,Ryder Robertson,velit@yahoo.org,Oklahoma,Knoxville,Arkansas,34532,ZQG74KSM3JM,Business,14-02-24,Closed
100102,Cailin Marquez,et.eros@protonmail.ca,Idaho,Houston,Connecticut,29602,SGT56UJI1DK,Business,24-03-25,Open
100103,Glenna Byrd,pede.blandit@google.couk,Iowa,Fort Worth,Illinois,12872,KNT73YDP1PG,Business,29-08-24,Open
100104,Doris Stone,donec@icloud.edu,Alaska,Denver,Wisconsin,67750,ODE44XKT7KX,Personal,30-07-24,Closed
100105,Gregory Bradford,quis@yahoo.com,Kansas,Jackson,Florida,13814,VUO58GDH5BL,Business,11-03-25,Open
100106,Uriah Mitchell,magnis@protonmail.org,Maine,Lewiston,Texas,62443,VKD97WSH2JH,Personal,26-01-25,Closed
100107,Emma Miles,sed.id.risus@google.edu,Pennsylvania,Henderson,Missouri,63656,KSA55SFD1VX,Personal,08-12-23,Closed
100108,Sylvester Baker,lorem.vehicula@google.com,Oregon,Helena,Minnesota,29578,RQX72URM8OF,Business,18-11-23,Closed
100109,Ruby Ellis,scelerisque@icloud.net,Illinois,Pittsburgh,Maryland,95417,YDN35USM9WI,Personal,23-12-24,Closed
100110,Jane Casey,lorem@hotmail.net,Georgia,Harrisburg,Indiana,30421,CYA73NRP3DJ,Business,13-04-25,Open
100111,Dara Mcdonald,tempus.scelerisque@outlook.net,Massachusetts,Augusta,Maine,71277,QJR05GZL7VQ,Personal,23-10-23,Closed
100112,Linda Velasquez,proin@hotmail.couk,Vermont,Allentown,Delaware,32441,DWM33CAK7IN,Business,02-06-24,Open
100113,Garrison Armstrong,cursus.purus@hotmail.ca,Iowa,Evansville,Utah,25127,PZC65UXI8CD,Personal,01-11-23,Open
100114,Sopoline Rios,fringilla.mi@protonmail.couk,Florida,Aurora,Utah,51049,OCI95SEF5OK,Business,30-09-23,Open
100115,Brent Clemons,maecenas@protonmail.net,Washington,College,Massachusetts,21318,EEG44EEX0PS,Business,02-09-24,Closed
100116,Eve Dickerson,aliquam.tincidunt@yahoo.couk,Pennsylvania,New Orleans,Alabama,71363,MSH69ADM8PG,Personal,25-10-23,Closed
100117,Chandler Kent,donec.egestas@outlook.net,Louisiana,Southaven,Nebraska,33104,OLX45EPV8VO,Business,20-05-23,Open
100118,Daryl Henderson,egestas.aliquam.fringilla@aol.org,Nebraska,Tucson,Maine,92368,SEK95MKA6VS,Personal,30-08-23,Open
100119,Jacqueline Velazquez,nunc.id.enim@google.ca,Alaska,Overland Park,Ohio,35346,XCH52QEP6GM,Personal,18-09-23,Closed
100120,Chandler Acosta,non.hendrerit@icloud.net,Connecticut,Rutland,Delaware,35383,TIV88OOK4HY,Business,31-12-24,Closed
100121,Kim Knox,sollicitudin.commodo.ipsum@yahoo.net,Maryland,Lawton,Alaska,65466,CJA65GBS1RH,Personal,01-10-24,Closed
100122,Risa Wilkinson,lacinia@outlook.com,Washington,Allentown,Illinois,67473,SGQ63FBZ2NZ,Business,26-04-25,Closed
100123,Moses Bradshaw,integer.id@hotmail.couk,Minnesota,Wichita,Texas,68171,FDE68SVW3TF,Business,12-06-23,Open
100124,Nadine Hopkins,euismod.mauris@yahoo.org,Colorado,Kansas City,Missouri,31201,RGF81IZK2VM,Business,21-03-25,Closed
100125,Angela Morin,convallis.convallis@aol.net,Nebraska,Frederick,Minnesota,27574,ARI76IZY3VU,Personal,29-11-24,Open
100126,Tiger Frost,sit.amet@hotmail.couk,Alaska,Tulsa,Kentucky,35925,QHX88PKR7CA,Business,28-12-24,Open
100127,Irma Mcdowell,erat.volutpat@outlook.net,Nebraska,Meridian,Kansas,78405,VYM96BLS8XI,Personal,19-12-23,Open
100128,Cole Wilkinson,mauris.suspendisse@protonmail.org,Iowa,Sandy,Nebraska,53555,VPM58KQM7SJ,Business,11-03-24,Closed
100129,Zahir Buchanan,dapibus@google.edu,Vermont,Oklahoma City,Texas,85172,BQW28LFE7OW,Business,29-12-23,Open
100130,Blythe Love,fringilla.purus@icloud.net,Texas,Saint Louis,Kentucky,25214,LNP05RSO6YA,Personal,10-10-23,Open
100131,Barclay England,ac.sem@outlook.edu,Mississippi,Auburn,California,92889,TQX17EJU1QJ,Personal,16-03-24,Open
100132,Hanna Weeks,nisl.sem@yahoo.com,Virginia,Gulfport,Alaska,86358,JKS55GCS9HB,Personal,18-03-25,Open
100133,Whitney Norman,hymenaeos.mauris.ut@hotmail.edu,Alaska,Des Moines,Oklahoma,33027,IYO81UJO5LB,Personal,20-02-24,Open
100134,Grady Mcdaniel,vivamus.euismod@outlook.org,California,Indianapolis,Oklahoma,83217,KWS56LTI5VO,Personal,19-01-25,Closed
100135,Anjolie Fisher,sit.amet@aol.org,Ohio,Hartford,California,44220,UCS63EID6HG,Business,10-12-24,Open
100136,Veronica Frost,auctor@google.org,Indiana,Missoula,Arkansas,30638,CVL61VOB9NB,Personal,02-05-25,Closed
100137,Dustin Marshall,habitant.morbi@protonmail.org,Mississippi,Henderson,Florida,74773,QOU25IVU3BZ,Personal,30-01-24,Open
100138,Leilani Hopkins,fusce.mi@google.net,Arkansas,San Antonio,Wyoming,95452,RSL44NVK2FZ,Personal,10-08-23,Open
100139,Scarlet Johnston,curabitur@yahoo.edu,Texas,Little Rock,Alaska,72423,VEE25HCO8EC,Personal,23-07-24,Open
100140,Ira Mendoza,vulputate.velit.eu@icloud.org,Minnesota,Grand Island,Florida,17522,NRJ54YHJ2OO,Business,05-10-24,Closed
100141,Timon Walls,at.pede@yahoo.edu,Oregon,Lawton,Utah,49787,PUK63RIF6DZ,Business,21-02-25,Closed
100142,Ulla Kirk,dis@google.edu,Delaware,Frankfort,Nevada,96288,PQJ43MTE7UK,Personal,22-01-25,Closed
100143,Dexter Conner,fames.ac@google.org,Iowa,Meridian,Colorado,36780,OXL26LWL7WJ,Business,03-05-24,Open
100144,Amir Boyd,ultrices@icloud.ca,Nebraska,Rockford,Idaho,48722,DYH70TAK7MY,Business,18-04-24,Closed
100145,Emmanuel Flores,magna.ut@protonmail.edu,Connecticut,Augusta,Washington,30319,WYX08DIX5IU,Business,08-03-24,Open
100146,Shafira Barr,at@icloud.net,Montana,Richmond,California,56962,HME57LYL1OG,Business,14-06-24,Closed
100147,Willow Watson,nunc.ac.mattis@icloud.ca,Iowa,Davenport,Oklahoma,99982,HZG65LOV6MG,Business,09-03-25,Closed
100148,Zahir Delgado,nam.nulla.magna@protonmail.ca,Maryland,Springfield,Hawaii,73577,COS14KRH4SJ,Business,30-05-23,Closed
100149,Ella Snider,nonummy@icloud.net,Tennessee,South Portland,Florida,92549,YSS74VOR6MV,Business,18-01-25,Closed
100150,Nissim Malone,nunc.sed@outlook.couk,Washington,Chesapeake,Georgia,72132,RNS76DAB2SD,Personal,08-02-25,Open
100151,Myra Malone,ipsum.dolor@google.edu,Maryland,Olathe,Oklahoma,15833,YGH40LML2WD,Business,13-01-24,Closed
100152,Macey Gamble,magna@yahoo.org,Illinois,Little Rock,Alabama,72018,YGP42UTH2DH,Business,16-06-23,Open
100153,Dalton Snyder,proin@outlook.net,Hawaii,San Diego,Kansas,55242,GQK82BOF5CR,Business,03-08-24,Open
100154,Zorita Miranda,pede.nonummy@icloud.org,Kansas,Clarksville,Arizona,42349,AVY75QHG2SY,Personal,19-12-24,Open
100155,Xantha Beach,felis.eget@yahoo.net,Massachusetts,Houston,Kentucky,28430,RLL33JPE5XQ,Personal,16-04-25,Open
100156,Kiona Wood,praesent.eu@icloud.couk,Alaska,Bellevue,Wyoming,33174,NOS53XGP9SQ,Business,22-09-24,Open
100157,Keelie Dorsey,malesuada.fames@aol.edu,Massachusetts,Clarksville,Montana,91472,EBS06XIL7CR,Business,04-03-25,Open
100158,Brock Estes,donec@icloud.org,Alaska,Shreveport,Connecticut,27558,XSH42WAW1SD,Business,10-05-24,Closed
100159,Zachary Martinez,senectus.et.netus@aol.org,Utah,Hillsboro,Hawaii,47629,NUX31MZO7QR,Personal,06-05-23,Closed
100160,Aquila Leon,nisi@outlook.com,Florida,Chesapeake,Idaho,99883,HQS86DPD4CE,Personal,03-01-24,Closed
100161,Flynn Faulkner,in.sodales.elit@google.ca,Virginia,Bellevue,Alabama,84492,OOV14SHK4IH,Personal,27-10-24,Open
100162,Jelani English,commodo.ipsum@icloud.couk,Delaware,Hattiesburg,Washington,64218,ZMR02BAQ3DI,Business,13-04-25,Closed
100163,Josiah Solomon,nibh@outlook.couk,Wyoming,Gresham,Montana,57587,XKT18DTS8RE,Business,27-02-25,Closed
100164,Callum Vaughan,mauris.sapien.cursus@icloud.net,Nebraska,Pocatello,Maine,70328,IKX78YVJ6BJ,Business,17-03-24,Closed
100165,Lydia Zimmerman,sollicitudin@google.net,Florida,Lewiston,Vermont,22116,RGY33NIB0SX,Business,31-08-24,Open
100166,Zeus Navarro,leo.morbi@yahoo.net,Nevada,Richmond,Alabama,20183,JHU63YNX4DV,Business,31-10-24,Open
100167,Calista Valdez,nascetur@hotmail.ca,Oregon,Tuscaloosa,Missouri,77816,MCK82QBG9PS,Personal,27-08-24,Open
100168,Jaquelyn Hatfield,non.feugiat@google.com,Connecticut,Nashville,Georgia,46974,EIM31TVS8PP,Personal,23-12-23,Open
100169,Chantale Cook,cras.sed@outlook.edu,Massachusetts,Overland Park,Indiana,94144,KMF94VCF7JI,Business,29-05-24,Closed
100170,Hakeem Jackson,accumsan@outlook.net,Missouri,Minneapolis,Alaska,48085,DOE46IHK6ZX,Business,30-10-23,Closed
100171,May Potter,nisl.arcu.iaculis@aol.ca,Alabama,Fort Worth,Iowa,82155,QPG70TVZ3WO,Personal,27-02-25,Open
100172,Fleur Ramirez,ligula@protonmail.com,Kentucky,Chesapeake,Louisiana,76252,GCH97BFT6JO,Personal,04-06-23,Closed
100173,Holly Tyson,mi.pede@protonmail.couk,Nebraska,Allentown,Nebraska,72148,QEO62NUW1BG,Personal,18-07-24,Open
100174,Ivana Maynard,libero.nec@outlook.ca,Oregon,Milwaukee,Mississippi,62555,LQL31WAG1ZK,Business,05-12-24,Open
100175,Sandra Boyd,blandit.enim@aol.couk,Iowa,Virginia Beach,Mississippi,38742,JDI25MEZ3YL,Personal,03-08-23,Closed
100176,Donovan Alford,suscipit.nonummy@yahoo.couk,Kansas,Vancouver,Indiana,60273,RGZ72QGU5WL,Personal,13-05-24,Closed
100177,Wesley Frost,eu.metus@yahoo.com,Colorado,Augusta,Nevada,41632,RQY91IJQ5OG,Business,11-12-23,Closed
100178,Erin Nichols,vitae@aol.com,Kentucky,Colorado Springs,Michigan,25026,ONN91CUM8GA,Personal,05-12-24,Open
100179,Tucker Larson,interdum.feugiat@protonmail.net,Texas,New Orleans,Virginia,14283,DDH92SCJ7ZI,Personal,09-09-23,Open
100180,Edan Ashley,suscipit.est.ac@outlook.couk,Wyoming,Lexington,Texas,35796,KBI27ECL7PR,Personal,29-11-24,Closed
100181,Hakeem Mcclure,aliquam.eros@yahoo.org,Montana,Louisville,Montana,14393,EHD48CQO5FM,Personal,11-08-23,Closed
100182,Tana Mejia,nisl@outlook.com,Minnesota,Waterbury,Connecticut,88067,BLC17GLP1DQ,Business,14-03-24,Open
100183,Slade Randolph,et.netus@hotmail.net,Georgia,Aurora,Vermont,72223,IZM74LJN3YT,Business,08-09-24,Closed
100184,Timon Estes,nullam.velit@protonmail.org,Delaware,Madison,Alaska,35387,NVA69CKX6UV,Business,28-04-25,Open
100185,Xantha Branch,pede.praesent.eu@yahoo.org,Louisiana,Huntsville,Kansas,28242,SKE42RKK4MT,Personal,25-07-24,Closed
100186,Oliver Erickson,augue.malesuada@yahoo.net,Delaware,Columbus,Ohio,63751,JSS73BXY3XP,Personal,03-10-24,Open
100187,Jared Jensen,montes.nascetur.ridiculus@protonmail.com,Michigan,Great Falls,Texas,72333,FBH19SYK5EL,Personal,13-05-23,Closed
100188,Louis Jenkins,ut.cursus@hotmail.couk,Connecticut,Sterling Heights,Oklahoma,38426,DMN32UUS3DP,Personal,25-02-25,Closed
100189,Josephine Roy,ullamcorper.velit@protonmail.net,Virginia,Baltimore,Ohio,74041,RIE64VPT9JZ,Personal,27-03-25,Closed
100190,Kane Leonard,magna.nam@outlook.edu,Iowa,Kearney,California,89334,PEG63MDQ4PE,Personal,13-05-24,Open
100191,Byron Leonard,sed.tortor@aol.couk,Alabama,Biloxi,Illinois,65216,PSO12YWK5II,Business,07-12-23,Closed
100192,Marcia Hoover,habitant.morbi@icloud.ca,Alaska,Rochester,Georgia,42850,GPE91CCS0SD,Business,25-06-24,Closed
100193,Ira Shepherd,ac.fermentum.vel@aol.ca,Indiana,Lansing,Washington,85516,WTH72GTH3VV,Business,23-10-24,Closed
100194,Keaton Reilly,mauris.ut.mi@icloud.ca,Ohio,San Antonio,California,66388,OGF82GNQ6HP,Personal,24-09-23,Open
100195,Basil Moses,donec.est@icloud.edu,Wisconsin,Metairie,Connecticut,24707,JHE01YHW4KE,Personal,10-02-25,Closed
100196,Veda Day,dolor.sit.amet@outlook.net,Florida,Little Rock,Wyoming,72822,GBW69HYB0VZ,Personal,11-09-23,Open
100197,Rhona Alford,condimentum.eget@google.com,Florida,Sterling Heights,Arkansas,56972,DCL58UTL3QE,Personal,15-10-23,Closed
100198,Dora Osborne,tincidunt.vehicula@protonmail.org,Georgia,Davenport,Maryland,59114,KYO58IKP7CT,Business,25-12-23,Open
100199,Isaiah Foley,velit.cras@google.net,Alaska,Lexington,Arizona,59651,SMD12JXI4ER,Personal,22-11-24,Open
